trID,trN,pIdx,X,Y,time
1,1,1,25.847,49.424,20/08/2000
1,1,2,27.237,47.438,21/08/2000
1,1,3,27.637,45.734,22/08/2000
1,1,4,27.248,42.551,23/08/2000
1,1,5,27.832,41.044,24/08/2000
1,1,6,36.834,32.183,29/08/2000
1,1,7,34.694,29.694,30/08/2000
1,1,8,33.903,27.768,31/08/2000
1,1,9,32.095,22.817,03/09/2000
1,1,10,31.691,21.079,04/09/2000
1,1,11,29.686,19.287,05/09/2000
1,1,12,22.665,14.877,06/09/2000
1,1,13,21.121,14.077,07/09/2000
1,1,14,20.71,13.702,15/09/2000
1,1,15,21.01,12.793,26/10/2000
1,1,16,22.967,11.431,30/10/2000
1,1,17,24.673,10.754,03/11/2000
1,1,18,26.673,10.916,27/11/2000
1,1,19,28.032,10.16,29/11/2000
1,1,20,29.539,9.644,30/11/2000
1,1,21,31.592,9.247,02/12/2000
1,1,22,32.346,7.74,03/12/2000
1,1,23,32.17,6.979,05/12/2000
1,1,24,33.525,4.524,07/12/2000
1,1,25,33.982,2.371,08/12/2000
1,1,26,34.17,1.849,09/12/2000
1,1,27,35.265,0.563,10/12/2000
1,1,28,35.202,-1.467,11/12/2000
1,1,29,36.171,-2.33,14/12/2000
1,1,30,36.221,-1.573,22/12/2000
1,1,31,36.828,-4.19,25/12/2000
1,1,32,34.373,-3.851,08/03/2001
1,1,33,35.034,-1.374,09/03/2001
1,1,34,34.208,2.231,10/03/2001
1,1,35,33.416,4.134,11/03/2001
1,1,36,32.999,6.941,12/03/2001
1,1,37,32.665,9.668,13/03/2001
1,1,38,33.585,12.058,14/03/2001
1,1,39,32.922,12.925,15/03/2001
1,1,40,32.613,14.401,17/03/2001
1,1,41,33.184,15.461,18/03/2001
1,1,42,33.211,17.068,19/03/2001
1,1,43,33.4,19.369,20/03/2001
1,1,44,33.284,21.106,21/03/2001
1,1,45,33.153,23.819,23/03/2001
1,1,46,33.153,26.987,25/03/2001
1,1,47,32.744,28.439,26/03/2001
1,1,48,33.005,29.577,27/03/2001
1,1,49,33.151,30.902,28/03/2001
1,1,50,34.381,31.13,29/03/2001
1,1,51,36.173,34.747,01/04/2001
1,1,52,37.101,35.634,02/04/2001
1,1,53,37.085,36.059,06/04/2001
1,1,54,34.258,37.802,11/04/2001
1,1,55,33.151,37.721,13/04/2001
1,1,56,32.802,37.305,18/04/2001
2,2,1,12.236,52.681,17/08/2001
2,2,2,13.219,52.424,19/08/2001
2,2,3,15.683,51.115,20/08/2001
2,2,4,17.549,50.356,21/08/2001
2,2,5,21.883,47.36,25/08/2001
2,2,6,25.711,44.744,26/08/2001
2,2,7,27.34,42.713,27/08/2001
2,2,8,29.293,40.307,28/08/2001
2,2,9,32.63,38.463,29/08/2001
2,2,10,35.852,37.064,30/08/2001
2,2,11,37.01,34.536,31/08/2001
2,2,12,33.532,29.265,01/09/2001
2,2,13,32.895,26.626,03/09/2001
2,2,14,32.779,24.827,04/09/2001
2,2,15,32.853,21.201,05/09/2001
2,2,16,32.141,18.516,06/09/2001
2,2,17,32.728,16.208,07/09/2001
2,2,18,34.047,15.914,09/09/2001
2,2,19,33.891,15.631,11/09/2001
2,2,20,34.254,15.272,28/09/2001
2,2,21,34.551,14.691,29/09/2001
2,2,22,34.056,13.725,20/10/2001
2,2,23,34.256,14.439,23/10/2001
2,2,24,35.062,14.058,12/11/2001
2,2,25,36.126,14.463,18/11/2001
2,2,26,35.661,13.951,19/11/2001
2,2,27,34.96,13.088,22/11/2001
2,2,28,33.907,12.186,06/12/2001
2,2,29,33.343,10.786,12/12/2001
2,2,30,32.787,9.982,19/12/2001
2,2,31,33.406,10.095,20/12/2001
2,2,32,33.348,11.224,23/12/2001
2,2,33,36.196,13.079,30/12/2001
2,2,34,33.985,15.724,03/03/2002
2,2,35,33.72,18.533,04/03/2002
2,2,36,33.251,20.248,05/03/2002
2,2,37,32.753,22.396,06/03/2002
2,2,38,33.052,23.556,07/03/2002
2,2,39,33.177,26.563,08/03/2002
2,2,40,32.989,27.946,09/03/2002
2,2,41,33.785,29.88,10/03/2002
2,2,42,35.399,32.345,11/03/2002
2,2,43,36.085,33.094,12/03/2002
2,2,44,36.691,35.54,13/03/2002
2,2,45,36.753,36.176,14/03/2002
2,2,46,36.159,36.894,15/03/2002
2,2,47,32.072,38.278,16/03/2002
2,2,48,30.671,39.46,17/03/2002
2,2,49,29.804,40.581,18/03/2002
2,2,50,28.016,41.481,19/03/2002
2,2,51,25.551,42.543,20/03/2002
2,2,52,25.844,45.195,22/03/2002
2,2,53,25.724,45.354,24/03/2002
2,2,54,26.178,45.461,25/03/2002
2,2,55,25.955,45.71,27/03/2002
2,2,56,22.497,47.033,30/03/2002
2,2,57,21.824,48.47,31/03/2002
2,2,58,19.158,49.968,01/04/2002
2,2,59,15.344,51.485,02/04/2002
2,2,60,12.236,52.681,03/04/2002
3,3,1,12.536,52.868,15/08/2002
3,3,2,13.971,52.24,16/08/2002
3,3,3,14.827,49.358,17/08/2002
3,3,4,20.505,49.065,20/08/2002
3,3,5,20.956,48.166,21/08/2002
3,3,6,24.036,47.006,22/08/2002
3,3,7,25.368,44.617,23/08/2002
3,3,8,27.036,42.853,25/08/2002
3,3,9,28.807,40.916,26/08/2002
3,3,10,31.338,39.176,27/08/2002
3,3,11,34.409,36.842,28/08/2002
3,3,12,36.706,36.981,29/08/2002
3,3,13,35.943,33.26,30/08/2002
3,3,14,35.3,30.746,31/08/2002
3,3,15,33.386,27.337,01/09/2002
3,3,16,33.242,22.869,02/09/2002
3,3,17,32.969,20.51,03/09/2002
3,3,18,34.205,16.841,04/09/2002
3,3,19,34.928,16.953,05/09/2002
3,3,20,34.099,16.46,06/09/2002
3,3,21,34.245,15.639,08/09/2002
3,3,22,35.122,15.889,17/09/2002
3,3,23,34.578,15.106,24/09/2002
3,3,24,34.637,13.888,02/11/2002
3,3,25,36.0,14.407,06/11/2002
3,3,26,37.369,14.915,26/11/2002
3,3,27,39.294,13.973,27/11/2002
3,3,28,39.726,12.339,26/12/2002
3,3,29,40.649,11.513,06/01/2003
3,3,30,40.119,9.082,07/01/2003
3,3,31,39.93,7.562,08/01/2003
3,3,32,40.755,7.36,16/01/2003
3,3,33,38.731,8.834,27/02/2003
3,3,34,37.526,9.326,28/02/2003
3,3,35,37.091,10.509,01/03/2003
3,3,36,35.359,12.122,02/03/2003
3,3,37,35.359,13.237,03/03/2003
3,3,38,35.622,14.793,06/03/2003
3,3,39,33.67,15.033,14/03/2003
3,3,40,34.206,16.797,16/03/2003
3,3,41,33.975,17.645,17/03/2003
3,3,42,33.721,18.621,18/03/2003
3,3,43,33.854,19.591,19/03/2003
3,3,44,33.314,20.671,20/03/2003
3,3,45,33.777,22.663,21/03/2003
3,3,46,33.052,24.57,22/03/2003
3,3,47,33.464,26.559,23/03/2003
3,3,48,34.057,29.476,24/03/2003
3,3,49,36.381,35.701,27/03/2003
3,3,50,32.486,38.176,29/03/2003
3,3,51,30.174,39.766,30/03/2003
3,3,52,28.878,41.072,31/03/2003
3,3,53,25.947,43.911,02/04/2003
3,3,54,25.147,45.833,03/04/2003
3,3,55,23.737,47.132,05/04/2003
3,3,56,20.985,49.834,09/04/2003
3,3,57,16.04,51.083,12/04/2003
3,3,58,13.019,52.293,13/04/2003
3,3,59,12.203,52.703,14/04/2003
4,4,1,12.203,52.703,12/08/2003
4,4,2,12.636,52.591,13/08/2003
4,4,3,17.363,50.616,14/08/2003
4,4,4,20.551,49.164,15/08/2003
4,4,5,23.358,46.882,16/08/2003
4,4,6,25.686,45.324,17/08/2003
4,4,7,27.28,43.212,18/08/2003
4,4,8,27.473,41.291,19/08/2003
4,4,9,30.207,39.826,20/08/2003
4,4,10,33.901,36.647,21/08/2003
4,4,11,37.1,36.484,22/08/2003
4,4,12,36.927,33.794,23/08/2003
4,4,13,35.883,32.253,24/08/2003
4,4,14,33.837,29.687,25/08/2003
4,4,15,32.586,25.985,26/08/2003
4,4,16,32.787,22.373,27/08/2003
4,4,17,33.9,18.197,28/08/2003
4,4,18,34.831,16.442,29/08/2003
4,4,19,34.65,16.246,30/08/2003
4,4,20,34.408,15.561,08/09/2003
4,4,21,33.789,14.704,18/10/2003
4,4,22,33.226,13.05,28/10/2003
4,4,23,33.426,12.442,04/11/2003
4,4,24,32.598,12.922,09/11/2003
4,4,25,36.06,13.671,09/12/2003
4,4,26,33.716,12.114,11/12/2003
4,4,27,34.094,11.792,31/12/2003
4,4,28,32.941,10.866,09/01/2004
4,4,29,32.708,9.791,12/01/2004
4,4,30,33.357,8.642,02/02/2004
4,4,31,33.38,9.221,06/02/2004
4,4,32,33.953,10.029,07/02/2004
4,4,33,33.411,11.099,08/02/2004
4,4,34,34.286,12.854,10/02/2004
4,4,35,35.007,13.671,27/02/2004
4,4,36,36.056,14.012,03/03/2004
4,4,37,34.222,14.537,07/03/2004
4,4,38,33.289,16.095,08/03/2004
4,4,39,33.249,17.196,09/03/2004
4,4,40,33.052,17.886,10/03/2004
4,4,41,32.692,19.236,11/03/2004
4,4,42,32.731,21.14,12/03/2004
4,4,43,33.228,22.381,13/03/2004
4,4,44,33.054,23.734,14/03/2004
4,4,45,33.251,25.372,15/03/2004
4,4,46,32.732,27.729,16/03/2004
4,4,47,33.798,29.384,17/03/2004
4,4,48,34.757,30.902,18/03/2004
4,4,49,35.584,32.572,19/03/2004
4,4,50,36.417,35.257,20/03/2004
4,4,51,35.464,37.309,21/03/2004
4,4,52,32.778,39.132,22/03/2004
4,4,53,29.948,40.967,23/03/2004
4,4,54,29.921,41.004,24/03/2004
4,4,55,28.576,41.422,25/03/2004
4,4,56,27.041,45.493,28/03/2004
4,4,57,24.856,45.708,29/03/2004
4,4,58,21.69,47.135,30/03/2004
4,4,59,19.258,49.537,01/04/2004
4,4,60,13.514,52.211,02/04/2004
4,4,61,12.418,52.67,05/04/2004
4,4,62,12.265,52.714,06/04/2004
5,5,1,19.386,50.148,14/08/2004
5,5,2,25.64,42.481,18/08/2004
5,5,3,36.788,35.255,20/08/2004
5,5,4,36.232,32.998,21/08/2004
5,5,5,35.79,32.207,22/08/2004
5,5,6,33.102,27.133,23/08/2004
5,5,7,32.67,24.561,24/08/2004
5,5,8,32.737,20.995,25/08/2004
5,5,9,34.297,16.76,26/08/2004
5,5,10,34.452,16.278,27/08/2004
5,5,11,35.976,16.935,29/08/2004
5,5,12,34.383,15.692,30/08/2004
5,5,13,34.235,15.623,31/08/2004
5,5,14,35.396,16.173,01/09/2004
5,5,15,34.763,15.561,02/09/2004
5,5,16,34.363,15.786,03/09/2004
5,5,17,33.627,15.244,06/09/2004
5,5,18,32.998,13.715,10/09/2004
5,5,19,35.254,15.374,11/09/2004
5,5,20,36.114,15.609,12/09/2004
5,5,21,36.078,14.864,14/09/2004
5,5,22,35.029,15.599,16/09/2004
5,5,23,34.222,15.414,17/09/2004
5,5,24,34.36,14.491,21/09/2004
5,5,25,35.322,14.66,25/09/2004
5,5,26,33.941,13.618,02/10/2004
5,5,27,35.195,12.779,18/10/2004
5,5,28,36.432,12.783,24/10/2004
5,5,29,38.062,11.963,26/10/2004
5,5,30,37.131,10.441,27/10/2004
5,5,31,35.115,11.8,08/11/2004
5,5,32,36.291,9.195,16/11/2004
5,5,33,37.553,9.218,17/11/2004
5,5,34,37.181,7.138,18/11/2004
5,5,35,36.887,4.889,19/11/2004
5,5,36,36.328,3.319,20/11/2004
5,5,37,38.245,3.03,21/11/2004
5,5,38,39.008,3.489,23/11/2004
5,5,39,40.518,2.648,24/12/2004
5,5,40,41.757,4.451,29/12/2004
5,5,41,43.01,4.623,10/01/2005
5,5,42,43.903,5.296,16/01/2005
5,5,43,43.58,6.114,17/01/2005
5,5,44,44.967,4.685,20/01/2005
5,5,45,43.798,5.126,21/01/2005
5,5,46,42.943,3.696,22/01/2005
5,5,47,42.787,2.774,22/02/2005
5,5,48,41.73,4.677,28/02/2005
5,5,49,39.432,6.195,01/03/2005
5,5,50,39.141,7.154,02/03/2005
5,5,51,37.595,8.919,03/03/2005
5,5,52,37.467,9.933,04/03/2005
5,5,53,36.32,11.725,05/03/2005
5,5,54,36.064,13.392,06/03/2005
5,5,55,34.963,13.324,07/03/2005
5,5,56,34.963,15.648,08/03/2005
5,5,57,32.824,17.729,09/03/2005
5,5,58,33.217,19.408,10/03/2005
5,5,59,33.074,20.016,12/03/2005
5,5,60,32.984,21.102,13/03/2005
5,5,61,32.969,22.045,14/03/2005
5,5,62,33.173,23.413,15/03/2005
5,5,63,33.267,24.442,16/03/2005
5,5,64,33.44,26.785,17/03/2005
5,5,65,33.447,27.586,18/03/2005
5,5,66,33.483,27.69,19/03/2005
5,5,67,34.292,29.19,20/03/2005
5,5,68,35.113,31.065,21/03/2005
5,5,69,36.608,33.234,22/03/2005
5,5,70,36.61,34.344,23/03/2005
5,5,71,36.81,35.457,26/03/2005
5,5,72,37.418,35.175,27/03/2005
5,5,73,37.331,35.317,28/03/2005
5,5,74,34.993,37.49,05/04/2005
5,5,75,32.132,38.336,06/04/2005
5,5,76,30.262,39.851,07/04/2005
5,5,77,29.452,40.542,08/04/2005
5,5,78,28.233,41.313,09/04/2005
5,5,79,27.88,41.85,10/04/2005
5,5,80,27.084,44.06,11/04/2005
5,5,81,27.124,44.145,12/04/2005
5,5,82,27.081,44.386,14/04/2005
5,5,83,25.561,46.194,17/04/2005
5,5,84,22.404,47.951,21/04/2005
5,5,85,16.161,50.662,23/04/2005
5,5,86,14.344,51.948,24/04/2005
5,5,87,12.264,52.171,25/04/2005
6,6,1,12.439,52.784,11/08/2005
6,6,2,16.482,51.898,12/08/2005
6,6,3,21.895,49.483,14/08/2005
6,6,4,23.67,47.372,18/08/2005
6,6,5,31.435,40.283,26/08/2005
6,6,6,32.616,37.733,27/08/2005
6,6,7,35.976,35.033,28/08/2005
6,6,8,36.275,32.906,29/08/2005
6,6,9,35.471,30.931,30/08/2005
6,6,10,32.513,28.681,31/08/2005
6,6,11,32.802,24.576,01/09/2005
6,6,12,32.276,21.576,02/09/2005
6,6,13,33.189,18.784,03/09/2005
6,6,14,34.298,16.754,04/09/2005
6,6,15,34.452,16.181,06/09/2005
6,6,16,33.971,15.898,07/09/2005
6,6,17,34.295,16.432,08/09/2005
6,6,18,33.398,16.175,09/09/2005
6,6,19,33.884,15.973,12/09/2005
6,6,20,33.65,15.263,14/09/2005
6,6,21,34.709,15.492,15/09/2005
6,6,22,35.566,15.453,17/09/2005
6,6,23,35.085,15.256,21/09/2005
6,6,24,34.665,14.751,25/09/2005
6,6,25,35.197,14.544,09/10/2005
6,6,26,34.537,14.024,06/11/2005
6,6,27,33.351,13.187,09/11/2005
6,6,28,32.888,12.699,10/11/2005
6,6,29,33.423,11.281,11/11/2005
6,6,30,33.455,11.823,12/11/2005
6,6,31,33.534,12.065,13/11/2005
6,6,32,35.028,13.137,01/12/2005
6,6,33,35.403,12.766,11/12/2005
6,6,34,36.152,13.003,15/12/2005
6,6,35,35.506,12.85,17/12/2005
6,6,36,34.187,11.907,20/12/2005
6,6,37,35.448,12.794,21/12/2005
6,6,38,35.304,12.787,22/12/2005
6,6,39,35.225,13.151,23/12/2005
6,6,40,36.809,12.421,24/12/2005
6,6,41,38.112,11.668,25/12/2005
6,6,42,39.131,10.184,26/12/2005
6,6,43,39.815,8.112,27/12/2005
6,6,44,40.218,7.362,28/12/2005
6,6,45,40.526,7.294,29/12/2005
6,6,46,38.347,4.262,30/12/2005
6,6,47,36.256,1.315,31/12/2005
6,6,48,35.985,-1.674,01/01/2006
6,6,49,34.188,-4.132,02/01/2006
6,6,50,33.559,-7.119,03/01/2006
6,6,51,34.46,-8.119,04/01/2006
6,6,52,34.97,-8.578,07/01/2006
6,6,53,35.455,-8.223,08/01/2006
6,6,54,35.977,-7.264,09/01/2006
6,6,55,35.116,-7.907,10/01/2006
6,6,56,35.418,-8.211,11/01/2006
6,6,57,34.531,-9.486,19/01/2006
6,6,58,33.826,-9.588,20/01/2006
6,6,59,33.46,-10.459,22/01/2006
6,6,60,32.486,-12.02,23/01/2006
6,6,61,31.919,-12.834,24/01/2006
6,6,62,30.216,-14.113,25/01/2006
6,6,63,31.168,-13.395,26/01/2006
6,6,64,32.032,-12.802,29/01/2006
6,6,65,32.42,-12.389,31/01/2006
6,6,66,32.155,-11.85,03/02/2006
6,6,67,32.795,-9.739,16/02/2006
6,6,68,32.901,-8.656,18/02/2006
6,6,69,34.256,-8.551,23/02/2006
6,6,70,34.987,-7.591,15/03/2006
6,6,71,34.026,-4.626,16/03/2006
6,6,72,34.054,-4.119,19/03/2006
6,6,73,34.398,-3.096,24/03/2006
6,6,74,34.421,-1.472,25/03/2006
6,6,75,34.508,0.851,26/03/2006
6,6,76,33.901,2.296,27/03/2006
6,6,77,32.522,4.653,28/03/2006
6,6,78,31.866,6.319,29/03/2006
6,6,79,32.145,7.461,30/03/2006
6,6,80,31.916,9.922,31/03/2006
6,6,81,31.333,11.622,01/04/2006
6,6,82,30.876,12.388,02/04/2006
6,6,83,30.729,13.786,03/04/2006
6,6,84,31.76,16.632,05/04/2006
6,6,85,32.078,17.22,06/04/2006
6,6,86,31.597,18.158,07/04/2006
6,6,87,32.399,19.153,08/04/2006
6,6,88,32.383,20.614,09/04/2006
6,6,89,32.101,21.592,10/04/2006
6,6,90,32.159,22.809,11/04/2006
6,6,91,32.066,26.013,13/04/2006
6,6,92,32.585,29.099,14/04/2006
6,6,93,34.756,30.044,15/04/2006
6,6,94,34.678,31.185,17/04/2006
6,6,95,34.924,31.285,23/04/2006
6,6,96,35.942,32.897,27/04/2006
6,6,97,36.634,34.466,29/04/2006
6,6,98,37.114,35.589,01/05/2006
6,6,99,35.998,36.425,04/05/2006
6,6,100,27.171,44.159,11/05/2006
6,6,101,26.274,45.228,13/05/2006
6,6,102,25.124,48.003,14/05/2006
6,6,103,22.366,49.898,18/05/2006
6,6,104,15.935,52.134,22/05/2006
6,6,105,12.632,52.728,25/05/2006
7,7,1,12.626,51.789,22/08/2002
7,7,2,15.121,51.132,23/08/2002
7,7,3,17.106,50.791,24/08/2002
7,7,4,20.236,49.371,25/08/2002
7,7,5,21.553,47.788,26/08/2002
7,7,6,23.069,46.826,27/08/2002
7,7,7,24.407,46.182,28/08/2002
7,7,8,25.893,44.983,29/08/2002
7,7,9,26.162,43.733,30/08/2002
7,7,10,27.081,41.528,31/08/2002
7,7,11,29.348,40.958,01/09/2002
7,7,12,32.256,39.241,02/09/2002
7,7,13,35.125,37.084,03/09/2002
7,7,14,35.6,36.816,04/09/2002
7,7,15,36.83,33.68,05/09/2002
7,7,16,35.831,31.43,06/09/2002
7,7,17,32.696,26.134,07/09/2002
7,7,18,32.152,22.448,08/09/2002
7,7,19,30.62,19.344,09/09/2002
7,7,20,28.249,16.675,10/09/2002
7,7,21,25.69,15.201,11/09/2002
7,7,22,24.713,14.887,12/09/2002
7,7,23,22.008,14.314,13/09/2002
7,7,24,21.287,13.833,14/09/2002
7,7,25,20.569,13.982,18/09/2002
7,7,26,19.942,13.291,12/10/2002
7,7,27,21.26,12.93,28/10/2002
7,7,28,22.57,13.415,01/11/2002
7,7,29,24.617,11.641,10/11/2002
7,7,30,25.15,11.617,12/11/2002
7,7,31,24.685,11.422,18/12/2002
7,7,32,23.416,11.405,12/01/2003
7,7,33,24.388,11.032,17/01/2003
7,7,34,23.661,11.224,06/03/2003
7,7,35,21.987,11.876,07/03/2003
7,7,36,20.324,12.72,08/03/2003
7,7,37,19.877,13.383,16/03/2003
7,7,38,23.596,14.77,02/04/2003
7,7,39,24.293,16.258,03/04/2003
7,7,40,25.773,19.98,05/04/2003
7,7,41,25.882,20.853,06/04/2003
7,7,42,26.713,22.147,07/04/2003
7,7,43,26.589,21.272,09/04/2003
7,7,44,25.859,18.884,10/04/2003
7,7,45,25.111,16.606,11/04/2003
7,7,46,25.035,16.524,14/04/2003
8,8,1,25.029,16.529,18/07/2003
9,9,1,4.519,51.002,30/07/1999
9,9,2,3.044,50.171,13/08/1999
9,9,3,2.887,49.636,16/08/1999
9,9,4,1.075,47.774,22/08/1999
9,9,5,0.777,47.406,23/08/1999
9,9,6,-3.816,45.85,24/08/1999
9,9,7,-1.012,43.924,26/08/1999
9,9,8,-2.256,42.331,01/09/1999
9,9,9,-3.171,40.673,02/09/1999
9,9,10,-5.643,38.32,07/09/1999
9,9,11,-5.876,37.224,08/09/1999
9,9,12,-5.9,37.2,15/04/2000
9,9,13,-5.493,37.017,16/04/2000
9,9,14,-5.021,38.562,17/04/2000
9,9,15,-4.257,38.919,18/04/2000
9,9,16,-2.935,40.327,19/04/2000
10,10,1,11.85,52.931,17/08/2001
10,10,2,15.839,52.305,25/08/2001
10,10,3,17.421,51.046,26/08/2001
10,10,4,19.914,49.758,27/08/2001
10,10,5,28.41,41.101,30/08/2001
10,10,6,33.603,37.493,01/09/2001
10,10,7,37.391,34.955,03/09/2001
10,10,8,36.728,33.54,04/09/2001
10,10,9,36.265,31.058,06/09/2001
10,10,10,33.824,28.63,07/09/2001
10,10,11,33.416,25.683,08/09/2001
10,10,12,31.096,21.958,09/09/2001
10,10,13,27.395,17.961,10/09/2001
10,10,14,21.488,15.206,11/09/2001
10,10,15,19.51,13.519,13/09/2001
10,10,16,18.657,13.333,19/09/2001
10,10,17,19.134,13.431,23/09/2001
10,10,18,20.713,12.634,16/10/2001
10,10,19,21.433,10.897,30/10/2001
10,10,20,26.432,11.639,17/11/2001
10,10,21,26.228,11.18,20/11/2001
10,10,22,26.558,10.793,02/12/2001
10,10,23,27.39,10.566,11/12/2001
10,10,24,29.522,9.615,15/12/2001
10,10,25,30.571,9.668,16/12/2001
10,10,26,31.879,8.589,18/12/2001
10,10,27,31.872,7.174,19/12/2001
10,10,28,31.973,6.786,20/12/2001
10,10,29,32.445,5.272,24/12/2001
10,10,30,32.41,6.619,26/12/2001
10,10,31,33.612,5.989,09/01/2002
10,10,32,34.939,4.961,10/01/2002
10,10,33,35.622,3.005,11/01/2002
10,10,34,36.898,1.777,12/01/2002
10,10,35,37.66,0.356,13/01/2002
10,10,36,38.446,0.135,15/01/2002
10,10,37,39.392,1.736,16/01/2002
10,10,38,38.883,1.642,17/01/2002
10,10,39,38.211,0.226,21/01/2002
10,10,40,37.429,-2.447,22/01/2002
10,10,41,36.554,-3.919,07/02/2002
10,10,42,36.339,-3.114,25/02/2002
10,10,43,36.068,-2.816,09/03/2002
10,10,44,35.806,-0.474,10/03/2002
10,10,45,35.563,0.671,11/03/2002
10,10,46,33.713,2.747,12/03/2002
10,10,47,33.081,6.073,13/03/2002
10,10,48,33.796,9.223,14/03/2002
10,10,49,33.649,12.056,15/03/2002
10,10,50,33.694,13.865,16/03/2002
10,10,51,33.094,14.854,17/03/2002
10,10,52,32.782,17.797,18/03/2002
10,10,53,34.298,20.854,19/03/2002
10,10,54,34.329,21.717,20/03/2002
10,10,55,35.029,24.005,21/03/2002
10,10,56,33.926,27.204,23/03/2002
10,10,57,35.005,31.687,24/03/2002
10,10,58,37.252,35.904,25/03/2002
10,10,59,36.647,36.403,27/03/2002
10,10,60,31.853,39.013,30/03/2002
10,10,61,31.836,39.012,31/03/2002
10,10,62,28.796,40.148,07/04/2002
10,10,63,26.867,43.628,09/04/2002
10,10,64,26.185,44.342,10/04/2002
10,10,65,25.265,46.059,12/04/2002
10,10,66,21.193,48.537,14/04/2002
10,10,67,17.238,50.517,16/04/2002
10,10,68,14.113,51.823,17/04/2002
10,10,69,11.85,52.931,18/04/2002
11,11,1,11.847,52.923,23/08/2002
11,11,2,18.226,49.926,01/09/2002
11,11,3,24.099,44.86,02/09/2002
11,11,4,25.229,43.353,05/09/2002
11,11,5,29.215,41.104,08/09/2002
11,11,6,32.061,38.695,09/09/2002
11,11,7,33.775,36.755,10/09/2002
11,11,8,36.224,36.263,11/09/2002
11,11,9,36.667,33.391,12/09/2002
11,11,10,35.463,31.722,13/09/2002
11,11,11,33.375,27.974,14/09/2002
11,11,12,32.725,25.798,15/09/2002
11,11,13,32.643,23.08,16/09/2002
11,11,14,31.232,19.791,17/09/2002
11,11,15,28.112,16.716,18/09/2002
11,11,16,24.628,14.412,19/09/2002
11,11,17,22.89,13.508,20/09/2002
11,11,18,23.386,13.669,22/09/2002
11,11,19,20.95,13.391,08/10/2002
11,11,20,22.606,13.409,01/11/2002
11,11,21,24.062,12.768,02/11/2002
11,11,22,24.667,11.364,03/11/2002
11,11,23,25.618,10.871,05/11/2002
11,11,24,25.93,11.855,10/11/2002
11,11,25,26.262,10.878,14/12/2002
11,11,26,29.065,9.309,04/01/2003
11,11,27,31.524,9.095,06/01/2003
11,11,28,32.972,6.898,07/01/2003
11,11,29,34.283,5.359,08/01/2003
11,11,30,34.943,4.452,09/01/2003
11,11,31,35.739,3.729,10/01/2003
11,11,32,35.131,4.163,11/01/2003
11,11,33,36.732,4.468,26/01/2003
11,11,34,37.342,3.68,27/01/2003
11,11,35,34.633,4.249,30/01/2003
11,11,36,34.289,1.729,31/01/2003
11,11,37,34.724,0.793,01/02/2003
11,11,38,34.261,-3.296,02/02/2003
11,11,39,34.961,-2.832,05/02/2003
11,11,40,34.946,-3.233,16/02/2003
11,11,41,34.728,-5.161,17/02/2003
11,11,42,35.11,-4.54,18/02/2003
11,11,43,35.806,-3.377,19/02/2003
11,11,44,35.722,-2.809,27/02/2003
11,11,45,34.468,-2.076,08/03/2003
11,11,46,35.031,-1.785,13/03/2003
11,11,47,34.957,0.963,16/03/2003
11,11,48,33.503,3.03,17/03/2003
11,11,49,32.834,5.542,18/03/2003
11,11,50,33.087,7.187,19/03/2003
11,11,51,33.584,9.922,20/03/2003
11,11,52,33.037,11.764,23/03/2003
11,11,53,32.984,12.771,25/03/2003
11,11,54,33.02,13.814,01/04/2003
11,11,55,32.893,16.301,06/04/2003
11,11,56,32.341,18.84,07/04/2003
11,11,57,32.138,20.925,08/04/2003
11,11,58,33.223,22.237,09/04/2003
11,11,59,33.114,23.036,10/04/2003
11,11,60,33.448,27.773,15/04/2003
11,11,61,34.203,30.765,17/04/2003
11,11,62,37.208,35.015,24/04/2003
11,11,63,35.545,37.374,29/04/2003
11,11,64,31.937,39.061,30/04/2003
11,11,65,30.0,39.729,01/05/2003
11,11,66,28.625,40.52,05/05/2003
11,11,67,20.038,48.972,11/05/2003
11,11,68,17.126,51.334,16/05/2003
11,11,69,11.928,52.911,17/05/2003
12,12,1,12.24,52.71,21/08/2003
12,12,2,21.102,47.938,22/08/2003
12,12,3,24.932,45.686,24/08/2003
12,12,4,27.452,41.222,26/08/2003
12,12,5,30.582,39.805,27/08/2003
12,12,6,32.607,37.579,29/08/2003
12,12,7,36.597,36.671,30/08/2003
12,12,8,36.844,33.73,31/08/2003
12,12,9,35.038,31.411,01/09/2003
12,12,10,34.739,31.022,02/09/2003
12,12,11,33.9,30.361,03/09/2003
12,12,12,33.03,25.459,04/09/2003
12,12,13,32.667,20.9,05/09/2003
12,12,14,30.306,16.987,06/09/2003
12,12,15,26.927,15.169,07/09/2003
12,12,16,25.883,14.803,08/09/2003
12,12,17,23.57,14.727,10/09/2003
12,12,18,22.82,14.565,11/09/2003
12,12,19,20.685,12.962,05/10/2003
12,12,20,23.209,11.918,04/11/2003
12,12,21,24.841,11.509,05/11/2003
12,12,22,25.254,11.639,06/11/2003
12,12,23,26.294,10.792,20/02/2004
12,12,24,28.148,11.131,25/02/2004
12,12,25,29.346,11.842,26/02/2004
12,12,26,30.853,12.208,27/02/2004
12,12,27,33.011,13.177,28/02/2004
12,12,28,32.841,14.167,29/02/2004
13,13,1,12.788,51.799,22/08/2002
13,13,2,14.823,51.148,23/08/2002
13,13,3,17.053,50.86,24/08/2002
13,13,4,17.88,50.28,25/08/2002
14,14,1,12.071,52.112,17/08/2001
14,14,2,8.698,51.788,30/08/2001
14,14,3,9.834,50.859,31/08/2001
14,14,4,10.14,51.148,01/09/2001
14,14,5,11.687,51.257,02/09/2001
14,14,6,12.374,51.897,04/09/2001
14,14,7,10.061,51.006,09/09/2001
14,14,8,8.47,48.797,14/09/2001
14,14,9,7.587,47.532,16/09/2001
14,14,10,6.344,47.332,18/09/2001
14,14,11,5.972,47.142,20/09/2001
14,14,12,4.825,45.305,21/09/2001
14,14,13,3.684,43.931,24/09/2001
14,14,14,3.105,42.739,25/09/2001
14,14,15,-0.514,41.503,26/09/2001
14,14,16,-2.026,40.639,27/09/2001
14,14,17,-2.66,40.608,28/09/2001
14,14,18,-3.5,40.364,29/09/2001
14,14,19,-3.913,39.982,04/10/2001
14,14,20,-4.055,39.875,06/10/2001
14,14,21,-6.311,39.457,10/10/2001
14,14,22,-5.813,39.023,15/10/2001
14,14,23,-3.538,40.299,21/02/2002
14,14,24,-1.295,41.483,23/02/2002
14,14,25,3.277,43.455,25/02/2002
14,14,26,4.616,44.706,26/02/2002
14,14,27,6.089,46.804,28/02/2002
14,14,28,8.964,49.581,01/03/2002
14,14,29,9.714,50.338,03/03/2002
14,14,30,12.069,52.116,05/03/2002
15,15,1,11.847,52.923,23/08/2002
15,15,2,9.146,48.609,01/09/2002
15,15,3,8.069,47.897,02/09/2002
15,15,4,7.708,47.24,04/09/2002
15,15,5,6.135,46.371,05/09/2002
15,15,6,4.311,43.675,06/09/2002
15,15,7,3.466,43.062,07/09/2002
15,15,8,2.209,41.926,08/09/2002
15,15,9,0.503,40.875,09/09/2002
15,15,10,-2.57,39.715,10/09/2002
15,15,11,-3.747,38.096,11/09/2002
15,15,12,-5.511,36.852,12/09/2002
15,15,13,-6.071,37.054,13/09/2002
15,15,14,-5.868,37.258,15/09/2002
15,15,15,-6.24,37.034,24/09/2002
15,15,16,-5.558,38.129,13/02/2003
15,15,17,-3.835,39.997,16/02/2003
15,15,18,-0.569,41.527,17/02/2003
15,15,19,3.138,42.267,22/02/2003
15,15,20,4.876,44.35,24/02/2003
15,15,21,6.286,47.439,25/02/2003
15,15,22,7.716,48.539,26/02/2003
15,15,23,8.633,49.475,27/02/2003
15,15,24,12.153,52.127,01/03/2003
16,16,1,11.967,52.141,23/08/2003
16,16,2,10.609,49.153,24/08/2003
16,16,3,5.003,45.93,30/08/2003
16,16,4,3.934,43.532,31/08/2003
16,16,5,3.041,42.207,01/09/2003
16,16,6,-0.021,41.186,02/09/2003
16,16,7,-0.752,41.496,03/09/2003
16,16,8,-3.212,39.428,07/09/2003
16,16,9,-5.895,37.226,09/09/2003
16,16,10,-6.339,37.114,10/09/2003
16,16,11,-5.876,37.23,13/09/2003
16,16,12,-3.593,40.309,23/02/2004
16,16,13,-3.113,42.307,28/02/2004
16,16,14,12.071,52.112,12/03/2004
17,17,1,12.071,52.112,02/09/2004
17,17,2,12.071,52.112,03/09/2004
17,17,3,2.967,43.081,06/09/2004
17,17,4,-0.796,42.18,08/09/2004
17,17,5,-2.374,41.059,09/09/2004
17,17,6,-3.428,40.325,10/09/2004
17,17,7,-5.422,39.171,20/09/2004
17,17,8,-6.053,38.995,22/09/2004
17,17,9,-6.064,37.12,28/09/2004
18,18,1,4.504,51.05,30/07/1999
18,18,2,3.536,50.414,09/08/1999
18,18,3,3.647,49.513,10/08/1999
18,18,4,-0.147,46.37,12/08/1999
18,18,5,-1.061,45.876,13/08/1999
18,18,6,-0.619,44.951,15/08/1999
18,18,7,-0.561,43.671,16/08/1999
18,18,8,-2.239,42.428,17/08/1999
18,18,9,-4.312,42.108,18/08/1999
18,18,10,-4.75,40.652,19/08/1999
18,18,11,-5.668,39.957,20/08/1999
18,18,12,-6.398,38.987,21/08/1999
18,18,13,-6.136,37.22,22/08/1999
18,18,14,-5.992,36.514,23/08/1999
18,18,15,-5.972,34.0,26/08/1999
18,18,16,-6.501,31.879,27/08/1999
18,18,17,-6.25,28.801,28/08/1999
18,18,18,-6.679,24.992,29/08/1999
18,18,19,-5.641,22.307,30/08/1999
18,18,20,-5.243,21.901,31/08/1999
18,18,21,-4.618,19.338,01/09/1999
18,18,22,-2.61,17.477,02/09/1999
18,18,23,-1.358,16.645,03/09/1999
18,18,24,-0.3,16.731,04/09/1999
18,18,25,-0.481,17.0,30/09/1999
18,18,26,-0.024,17.479,09/10/1999
18,18,27,-2.95,16.212,11/10/1999
18,18,28,-3.695,16.107,12/10/1999
18,18,29,-5.274,15.461,13/10/1999
18,18,30,-4.869,15.185,15/10/1999
18,18,31,-5.223,14.297,01/11/1999
18,18,32,-6.867,15.674,08/11/1999
18,18,33,-8.076,15.209,09/11/1999
18,18,34,-7.726,14.65,10/11/1999
18,18,35,-8.279,15.829,13/11/1999
18,18,36,-10.107,15.838,14/11/1999
18,18,37,-10.449,15.233,15/11/1999
18,18,38,-11.289,15.573,16/11/1999
18,18,39,-11.216,16.138,17/11/1999
18,18,40,-12.638,15.046,18/11/1999
18,18,41,-14.075,14.352,19/11/1999
18,18,42,-15.884,13.768,20/11/1999
18,18,43,-15.202,14.329,28/02/2000
18,18,44,-13.974,16.133,29/02/2000
18,18,45,-13.263,18.22,01/03/2000
18,18,46,-12.799,19.896,02/03/2000
18,18,47,-12.603,22.984,03/03/2000
18,18,48,-13.157,27.151,04/03/2000
18,18,49,-12.837,27.962,05/03/2000
18,18,50,-10.844,28.843,06/03/2000
19,19,1,20.374,54.827,13/08/2000
19,19,2,20.984,54.184,14/08/2000
19,19,3,23.85,52.562,15/08/2000
19,19,4,24.226,52.347,16/08/2000
19,19,5,27.593,46.36,18/08/2000
19,19,6,28.737,43.836,19/08/2000
19,19,7,27.229,42.334,20/08/2000
19,19,8,27.958,41.002,21/08/2000
19,19,9,28.518,41.026,22/08/2000
19,19,10,31.62,38.699,23/08/2000
19,19,11,34.146,36.781,24/08/2000
19,19,12,34.167,27.793,29/08/2000
19,19,13,33.096,23.241,02/09/2000
19,19,14,33.704,20.845,03/09/2000
19,19,15,34.439,17.238,04/09/2000
19,19,16,34.727,16.525,05/09/2000
19,19,17,35.179,15.635,06/09/2000
19,19,18,35.639,15.826,08/09/2000
20,20,1,20.793,54.756,13/08/2000
20,20,2,20.869,54.364,14/08/2000
20,20,3,21.384,53.942,15/08/2000
20,20,4,22.959,52.913,18/08/2000
20,20,5,23.522,52.404,19/08/2000
20,20,6,23.903,52.153,20/08/2000
20,20,7,26.131,50.648,22/08/2000
20,20,8,27.62,45.471,24/08/2000
20,20,9,36.421,33.78,29/08/2000
20,20,10,35.987,32.329,30/08/2000
20,20,11,33.554,28.837,31/08/2000
20,20,12,32.81,25.86,02/09/2000
20,20,13,32.598,23.448,03/09/2000
20,20,14,32.463,20.658,04/09/2000
20,20,15,33.15,18.065,05/09/2000
20,20,16,33.664,17.002,06/09/2000
20,20,17,34.05,17.137,07/09/2000
20,20,18,30.412,14.51,09/09/2000
21,21,1,21.449,54.283,30/07/1999
21,21,2,22.363,53.139,19/08/1999
21,21,3,24.183,52.252,20/08/1999
21,21,4,25.073,51.072,21/08/1999
21,21,5,25.514,50.784,22/08/1999
21,21,6,25.934,48.923,23/08/1999
21,21,7,27.945,46.549,24/08/1999
21,21,8,27.535,41.566,25/08/1999
21,21,9,31.485,39.126,26/08/1999
21,21,10,35.492,37.12,27/08/1999
21,21,11,36.669,34.014,28/08/1999
21,21,12,35.237,31.309,29/08/1999
21,21,13,33.665,28.193,30/08/1999
21,21,14,32.66,25.109,31/08/1999
21,21,15,31.934,21.759,01/09/1999
21,21,16,32.5,18.252,02/09/1999
21,21,17,33.406,17.017,03/09/1999
21,21,18,33.672,16.873,04/09/1999
21,21,19,33.952,16.539,09/09/1999
21,21,20,33.841,15.437,10/09/1999
21,21,21,34.549,15.46,28/09/1999
21,21,22,33.934,14.736,10/10/1999
21,21,23,33.251,14.474,11/10/1999
21,21,24,33.945,14.674,12/10/1999
21,21,25,34.391,13.568,26/10/1999
21,21,26,34.003,12.54,27/10/1999
21,21,27,34.261,13.286,28/10/1999
21,21,28,33.761,13.564,24/11/1999
21,21,29,34.977,13.994,25/11/1999
21,21,30,35.426,14.399,02/12/1999
21,21,31,35.77,14.808,05/12/1999
21,21,32,36.235,14.078,06/12/1999
21,21,33,38.611,12.3,07/12/1999
21,21,34,38.9,12.218,09/12/1999
21,21,35,38.663,11.592,17/12/1999
21,21,36,38.447,10.273,18/12/1999
21,21,37,38.811,8.862,19/12/1999
21,21,38,38.208,6.897,20/12/1999
21,21,39,38.255,4.311,21/12/1999
21,21,40,37.404,3.13,22/12/1999
21,21,41,38.612,2.115,24/12/1999
21,21,42,38.952,1.335,25/12/1999
21,21,43,39.418,0.836,26/12/1999
21,21,44,39.152,-0.233,03/01/2000
21,21,45,39.63,0.145,04/01/2000
21,21,46,39.746,0.526,06/01/2000
21,21,47,38.917,1.7,10/01/2000
21,21,48,36.723,0.127,11/01/2000
21,21,49,36.86,-2.792,12/01/2000
21,21,50,35.016,-5.037,13/01/2000
21,21,51,34.641,-7.246,14/01/2000
21,21,52,34.304,-8.281,15/01/2000
21,21,53,32.744,-10.405,16/01/2000
21,21,54,32.441,-12.333,17/01/2000
21,21,55,31.681,-14.027,18/01/2000
21,21,56,30.656,-14.86,19/01/2000
21,21,57,29.601,-16.193,20/01/2000
21,21,58,28.054,-17.921,21/01/2000
21,21,59,26.567,-19.889,22/01/2000
21,21,60,26.654,-20.211,23/01/2000
21,21,61,25.797,-20.573,30/01/2000
21,21,62,24.714,-20.211,31/01/2000
21,21,63,23.571,-20.891,05/02/2000
21,21,64,24.249,-20.464,28/02/2000
21,21,65,24.638,-20.86,01/03/2000
21,21,66,25.22,-20.385,02/03/2000
21,21,67,26.625,-18.771,03/03/2000
21,21,68,27.544,-17.29,04/03/2000
21,21,69,28.17,-15.812,05/03/2000
21,21,70,29.192,-15.083,06/03/2000
21,21,71,31.224,-13.241,09/03/2000
21,21,72,32.291,-11.545,10/03/2000
21,21,73,32.873,-10.718,11/03/2000
21,21,74,33.258,-9.781,12/03/2000
21,21,75,33.8,-8.567,13/03/2000
21,21,76,33.541,-6.882,14/03/2000
21,21,77,33.557,-4.648,15/03/2000
21,21,78,34.302,-2.722,16/03/2000
21,21,79,34.284,-1.801,17/03/2000
21,21,80,34.763,0.994,18/03/2000
21,21,81,32.803,4.735,20/03/2000
21,21,82,32.784,8.896,21/03/2000
21,21,83,33.531,12.44,22/03/2000
21,21,84,32.651,13.702,23/03/2000
21,21,85,32.549,14.389,24/03/2000
21,21,86,32.78,15.032,25/03/2000
21,21,87,32.812,16.586,27/03/2000
21,21,88,32.717,17.565,28/03/2000
21,21,89,32.341,18.845,29/03/2000
21,21,90,33.203,19.743,30/03/2000
21,21,91,32.98,21.018,31/03/2000
21,21,92,33.326,22.939,01/04/2000
21,21,93,33.889,25.521,02/04/2000
21,21,94,33.456,27.566,03/04/2000
21,21,95,33.463,27.635,04/04/2000
21,21,96,34.06,29.562,05/04/2000
21,21,97,34.971,31.111,06/04/2000
21,21,98,36.559,33.504,07/04/2000
21,21,99,37.048,36.065,09/04/2000
21,21,100,37.078,36.069,10/04/2000
21,21,101,36.331,36.42,11/04/2000
21,21,102,36.035,37.056,12/04/2000
21,21,103,35.68,37.481,25/04/2000
21,21,104,30.528,40.17,26/04/2000
21,21,105,29.74,40.485,27/04/2000
22,22,1,23.558,53.187,15/08/2000
22,22,2,25.201,50.354,19/08/2000
22,22,3,26.025,50.213,20/08/2000
22,22,4,27.084,47.541,23/08/2000
22,22,5,26.888,43.247,24/08/2000
22,22,6,34.993,37.049,27/08/2000
22,22,7,36.727,34.758,28/08/2000
22,22,8,36.515,32.711,29/08/2000
22,22,9,34.528,30.507,30/08/2000
22,22,10,32.804,26.065,31/08/2000
22,22,11,33.274,20.793,02/09/2000
22,22,12,31.776,15.993,04/09/2000
22,22,13,30.176,15.948,05/09/2000
22,22,14,30.154,15.485,06/09/2000
22,22,15,25.307,14.162,07/09/2000
22,22,16,24.458,13.925,08/09/2000
22,22,17,23.509,13.776,11/09/2000
22,22,18,19.933,12.774,22/09/2000
22,22,19,18.548,12.916,07/10/2000
22,22,20,20.942,12.984,27/11/2000
22,22,21,24.661,11.896,29/11/2000
22,22,22,25.681,10.793,01/12/2000
22,22,23,26.353,10.129,03/12/2000
22,22,24,27.809,9.931,04/12/2000
22,22,25,29.426,9.566,05/12/2000
22,22,26,31.177,8.451,07/12/2000
22,22,27,33.443,4.908,08/12/2000
22,22,28,34.116,2.457,09/12/2000
22,22,29,35.219,0.61,10/12/2000
22,22,30,35.127,-1.387,11/12/2000
22,22,31,35.762,-2.585,14/12/2000
22,22,32,33.059,-9.106,18/12/2000
22,22,33,31.851,-12.106,19/12/2000
22,22,34,31.318,-14.001,20/12/2000
22,22,35,29.025,-16.558,21/12/2000
22,22,36,27.744,-17.863,22/12/2000
22,22,37,26.375,-18.317,23/12/2000
22,22,38,25.642,-21.204,24/12/2000
22,22,39,26.564,-22.395,25/12/2000
22,22,40,24.994,-26.476,26/12/2000
22,22,41,25.072,-28.955,27/12/2000
22,22,42,24.771,-29.601,28/12/2000
22,22,43,24.471,-29.414,29/12/2000
22,22,44,24.438,-31.012,07/01/2001
23,23,1,21.184,54.17,30/07/1999
23,23,2,24.803,52.663,20/08/1999
23,23,3,27.917,47.412,23/08/1999
23,23,4,27.888,44.184,24/08/1999
23,23,5,28.152,41.17,25/08/1999
23,23,6,32.001,38.719,26/08/1999
23,23,7,35.549,36.944,27/08/1999
23,23,8,36.619,34.013,28/08/1999
23,23,9,35.445,31.708,29/08/1999
23,23,10,32.826,23.852,31/08/1999
23,23,11,30.764,20.652,01/09/1999
23,23,12,26.493,17.784,02/09/1999
23,23,13,22.744,15.223,04/09/1999
23,23,14,20.364,15.404,05/09/1999
23,23,15,19.977,15.152,09/09/1999
23,23,16,18.346,14.965,10/09/1999
23,23,17,18.961,13.375,29/09/1999
23,23,18,20.245,13.985,09/11/1999
23,23,19,20.71,13.474,13/11/1999
23,23,20,22.541,14.156,22/11/1999
23,23,21,22.144,13.34,20/02/2000
23,23,22,21.964,13.077,21/02/2000
23,23,23,24.666,11.962,23/02/2000
23,23,24,24.913,10.439,24/02/2000
23,23,25,26.619,10.992,26/02/2000
23,23,26,27.541,9.871,28/02/2000
23,23,27,29.026,11.494,01/03/2000
23,23,28,29.163,12.152,02/03/2000
23,23,29,29.3,12.587,05/03/2000
23,23,30,30.209,13.252,06/03/2000
23,23,31,31.167,13.889,07/03/2000
23,23,32,31.679,14.595,08/03/2000
23,23,33,32.598,15.328,10/03/2000
23,23,34,32.496,16.142,11/03/2000
23,23,35,32.06,16.702,12/03/2000
23,23,36,32.261,17.548,14/03/2000
23,23,37,31.552,18.105,15/03/2000
23,23,38,32.435,19.382,16/03/2000
23,23,39,32.662,19.701,17/03/2000
23,23,40,32.561,21.089,18/03/2000
23,23,41,32.541,22.933,19/03/2000
23,23,42,33.019,24.878,21/03/2000
23,23,43,34.561,29.24,24/03/2000
23,23,44,34.923,31.552,25/03/2000
23,23,45,35.691,33.229,26/03/2000
23,23,46,35.867,36.211,27/03/2000
23,23,47,33.784,37.577,28/03/2000
23,23,48,32.098,38.62,29/03/2000
23,23,49,31.14,39.432,30/03/2000
23,23,50,29.615,40.175,31/03/2000
23,23,51,29.023,40.633,01/04/2000
23,23,52,28.64,41.324,02/04/2000
23,23,53,27.054,41.89,03/04/2000
23,23,54,26.536,42.335,04/04/2000
23,23,55,26.477,46.175,10/04/2000
23,23,56,25.524,48.409,11/04/2000
23,23,57,23.629,51.771,12/04/2000
23,23,58,22.048,54.367,13/04/2000
23,23,59,21.27,54.222,14/04/2000
24,24,1,22.886,52.712,18/08/2000
24,24,2,24.671,50.166,20/08/2000
24,24,3,27.07,45.839,23/08/2000
24,24,4,27.721,43.16,24/08/2000
24,24,5,35.925,36.912,27/08/2000
24,24,6,37.618,34.629,28/08/2000
24,24,7,37.394,33.198,29/08/2000
24,24,8,35.384,31.28,30/08/2000
24,24,9,33.613,28.32,31/08/2000
24,24,10,32.876,25.301,02/09/2000
24,24,11,33.652,20.571,03/09/2000
24,24,12,34.208,17.804,04/09/2000
24,24,13,34.245,16.041,05/09/2000
24,24,14,35.313,15.385,06/09/2000
24,24,15,35.002,14.131,08/09/2000
24,24,16,35.58,14.439,11/09/2000
25,25,1,21.449,54.0,20/08/1998
25,25,2,24.041,52.07,31/08/1998
25,25,3,25.672,51.401,01/09/1998
25,25,4,27.488,43.581,05/09/1998
25,25,5,28.727,40.871,08/09/1998
25,25,6,32.474,38.031,10/09/1998
25,25,7,34.423,36.936,11/09/1998
25,25,8,35.762,32.744,16/09/1998
25,25,9,33.958,29.586,17/09/1998
25,25,10,33.093,25.931,18/09/1998
25,25,11,31.888,21.551,20/09/1998
25,25,12,32.314,17.172,21/09/1998
25,25,13,33.773,15.772,22/09/1998
25,25,14,34.733,11.91,18/10/1998
25,25,15,33.418,12.534,02/12/1998
25,25,16,33.054,11.777,31/12/1998
25,25,17,32.268,11.907,01/01/1999
25,25,18,31.595,12.5,13/01/1999
25,25,19,33.736,12.047,27/01/1999
25,25,20,35.709,13.531,29/01/1999
25,25,21,35.787,15.158,02/02/1999
25,25,22,34.087,15.875,07/03/1999
25,25,23,33.49,17.044,08/03/1999
25,25,24,33.247,18.441,09/03/1999
25,25,25,33.01,22.586,10/03/1999
25,25,26,33.327,24.06,11/03/1999
25,25,27,33.378,27.455,12/03/1999
25,25,28,34.277,29.008,13/03/1999
25,25,29,34.581,30.43,14/03/1999
25,25,30,35.503,32.523,15/03/1999
25,25,31,37.165,35.049,16/03/1999
25,25,32,35.838,37.448,17/03/1999
25,25,33,33.609,37.791,18/03/1999
25,25,34,31.111,39.366,19/03/1999
25,25,35,27.54,42.237,23/03/1999
25,25,36,27.229,44.514,25/03/1999
25,25,37,26.696,44.984,26/03/1999
25,25,38,22.666,50.335,27/03/1999
25,25,39,21.389,54.032,28/03/1999
26,26,1,21.306,54.221,20/08/1998
26,26,2,24.657,52.494,24/08/1998
26,26,3,27.896,50.561,25/08/1998
26,26,4,27.701,48.78,27/08/1998
26,26,5,27.318,45.32,29/08/1998
26,26,6,30.017,40.084,01/09/1998
26,26,7,36.336,32.938,04/09/1998
26,26,8,33.67,28.941,05/09/1998
26,26,9,32.486,24.686,06/09/1998
26,26,10,30.754,21.03,07/09/1998
26,26,11,28.565,18.588,08/09/1998
26,26,12,25.176,15.86,09/09/1998
26,26,13,18.926,13.594,13/09/1998
26,26,14,17.358,12.704,10/12/1998
26,26,15,16.734,12.494,26/12/1998
26,26,16,16.089,12.412,19/01/1999
26,26,17,15.605,11.877,24/01/1999
26,26,18,16.142,12.619,26/01/1999
26,26,19,17.155,12.95,29/01/1999
26,26,20,18.639,12.965,06/02/1999
26,26,21,20.001,12.762,08/02/1999
26,26,22,22.808,11.371,09/02/1999
26,26,23,23.78,10.743,10/02/1999
26,26,24,25.427,10.389,11/02/1999
26,26,25,27.952,9.683,13/02/1999
26,26,26,30.008,9.13,16/02/1999
26,26,27,32.69,9.62,18/02/1999
26,26,28,33.601,13.193,21/02/1999
26,26,29,33.147,13.643,10/03/1999
26,26,30,34.26,19.679,11/03/1999
26,26,31,34.627,20.745,12/03/1999
26,26,32,34.419,22.959,13/03/1999
26,26,33,34.047,25.323,14/03/1999
26,26,34,33.743,27.089,15/03/1999
26,26,35,34.379,30.826,17/03/1999
26,26,36,35.63,33.462,18/03/1999
26,26,37,35.46,36.607,20/03/1999
26,26,38,33.061,37.53,21/03/1999
26,26,39,31.692,37.838,22/03/1999
26,26,40,30.247,38.046,23/03/1999
26,26,41,28.253,38.515,24/03/1999
26,26,42,26.89,40.311,03/04/1999
26,26,43,25.794,41.411,05/04/1999
26,26,44,26.437,42.331,06/04/1999
26,26,45,25.245,44.478,08/04/1999
26,26,46,25.55,46.045,09/04/1999
26,26,47,25.865,47.723,10/04/1999
26,26,48,23.901,51.263,13/04/1999
26,26,49,23.578,52.123,14/04/1999
26,26,50,21.222,54.199,15/04/1999
27,27,1,12.071,52.112,17/08/2001
27,27,2,15.323,51.379,24/08/2001
27,27,3,16.004,51.126,26/08/2001
27,27,4,18.904,50.254,27/08/2001
27,27,5,24.482,46.109,28/08/2001
27,27,6,29.058,40.931,30/08/2001
27,27,7,33.322,37.464,01/09/2001
27,27,8,36.403,36.611,02/09/2001
27,27,9,36.269,33.098,03/09/2001
27,27,10,36.569,31.307,05/09/2001
27,27,11,35.756,29.75,06/09/2001
27,27,12,34.13,28.09,07/09/2001
27,27,13,33.042,26.417,09/09/2001
27,27,14,32.244,22.216,10/09/2001
27,27,15,33.84,16.358,11/09/2001
27,27,16,33.891,15.558,17/09/2001
27,27,17,34.571,14.307,22/10/2001
27,27,18,35.04,14.067,11/11/2001
27,27,19,34.657,12.165,26/11/2001
27,27,20,33.491,12.04,27/11/2001
27,27,21,33.038,9.955,28/11/2001
27,27,22,34.252,8.199,03/12/2001
27,27,23,34.263,7.192,04/12/2001
27,27,24,33.685,5.64,05/12/2001
27,27,25,33.533,4.576,06/12/2001
27,27,26,33.236,2.152,08/12/2001
27,27,27,33.963,1.775,09/12/2001
27,27,28,35.355,1.014,10/12/2001
27,27,29,34.111,-4.218,11/12/2001
27,27,30,33.692,-5.151,12/12/2001
27,27,31,32.645,-7.379,14/12/2001
27,27,32,32.139,-10.471,15/12/2001
27,27,33,32.258,-12.86,16/12/2001
27,27,34,31.656,-14.122,17/12/2001
27,27,35,30.805,-14.635,18/12/2001
27,27,36,28.904,-17.206,19/12/2001
27,27,37,27.61,-19.794,20/12/2001
27,27,38,26.813,-20.226,28/12/2001
27,27,39,26.318,-21.241,30/12/2001
27,27,40,26.995,-20.881,06/01/2002
27,27,41,25.196,-21.392,09/01/2002
27,27,42,26.498,-23.682,10/01/2002
27,27,43,25.061,-24.423,11/01/2002
27,27,44,25.176,-27.53,12/01/2002
27,27,45,24.202,-29.768,13/01/2002
27,27,46,24.435,-32.389,14/01/2002
27,27,47,23.778,-33.841,15/01/2002
27,27,48,23.991,-34.006,16/01/2002
27,27,49,24.201,-34.043,17/01/2002
27,27,50,24.502,-31.305,21/02/2002
27,27,51,25.671,-27.981,22/02/2002
27,27,52,25.556,-24.539,23/02/2002
27,27,53,26.779,-21.034,24/02/2002
27,27,54,27.949,-18.315,25/02/2002
27,27,55,29.185,-17.128,26/02/2002
27,27,56,29.838,-14.643,27/02/2002
27,27,57,31.055,-13.424,28/02/2002
27,27,58,32.062,-12.096,01/03/2002
27,27,59,32.639,-9.469,02/03/2002
27,27,60,33.091,-7.947,03/03/2002
27,27,61,33.928,-5.832,04/03/2002
27,27,62,33.881,-4.062,05/03/2002
27,27,63,34.314,-2.056,06/03/2002
27,27,64,34.792,0.224,07/03/2002
27,27,65,33.552,3.08,08/03/2002
27,27,66,32.821,6.14,09/03/2002
27,27,67,33.574,9.769,10/03/2002
27,27,68,34.273,12.161,11/03/2002
27,27,69,34.045,15.338,12/03/2002
27,27,70,33.52,17.286,13/03/2002
27,27,71,33.088,18.347,14/03/2002
27,27,72,33.171,19.298,15/03/2002
27,27,73,33.342,22.059,16/03/2002
27,27,74,33.278,23.844,17/03/2002
27,27,75,33.006,27.184,18/03/2002
27,27,76,33.785,28.004,19/03/2002
27,27,77,34.801,30.169,20/03/2002
27,27,78,35.48,32.457,21/03/2002
27,27,79,36.887,34.338,22/03/2002
27,27,80,35.089,37.004,23/03/2002
27,27,81,34.963,37.004,24/03/2002
27,27,82,33.877,38.69,25/03/2002
27,27,83,32.913,39.146,28/03/2002
27,27,84,31.853,39.091,29/03/2002
27,27,85,31.618,39.036,01/04/2002
27,27,86,31.872,39.09,03/04/2002
27,27,87,31.691,39.73,05/04/2002
27,27,88,30.084,40.305,06/04/2002
27,27,89,28.61,41.143,07/04/2002
27,27,90,27.379,42.322,08/04/2002
27,27,91,26.882,44.103,09/04/2002
27,27,92,26.502,44.082,10/04/2002
27,27,93,25.623,44.911,11/04/2002
27,27,94,24.883,46.145,12/04/2002
27,27,95,22.511,48.228,13/04/2002
27,27,96,21.924,48.799,14/04/2002
27,27,97,20.302,49.879,15/04/2002
27,27,98,18.052,50.744,16/04/2002
27,27,99,12.071,52.112,18/04/2002
28,28,1,12.08,52.068,22/08/2002
28,28,2,12.21,51.216,23/08/2002
28,28,3,16.254,50.91,26/08/2002
28,28,4,18.517,50.298,27/08/2002
28,28,5,20.206,49.874,28/08/2002
28,28,6,24.106,47.745,30/08/2002
28,28,7,25.168,46.557,31/08/2002
28,28,8,25.443,45.845,01/09/2002
28,28,9,26.697,43.73,02/09/2002
28,28,10,27.429,41.621,03/09/2002
28,28,11,30.164,40.263,04/09/2002
28,28,12,32.723,38.594,05/09/2002
28,28,13,34.276,37.105,06/09/2002
28,28,14,36.67,36.538,07/09/2002
28,28,15,36.739,33.879,08/09/2002
28,28,16,35.269,31.469,09/09/2002
28,28,17,33.773,29.62,10/09/2002
28,28,18,33.113,26.945,11/09/2002
28,28,19,33.081,23.65,12/09/2002
28,28,20,32.889,20.381,13/09/2002
28,28,21,32.726,16.686,14/09/2002
28,28,22,33.698,15.376,15/09/2002
28,28,23,34.036,14.682,16/09/2002
28,28,24,34.636,15.027,25/09/2002
28,28,25,34.678,13.734,03/11/2002
28,28,26,33.279,12.556,13/11/2002
28,28,27,32.859,11.896,17/11/2002
28,28,28,33.519,11.524,18/11/2002
28,28,29,33.538,9.717,20/11/2002
28,28,30,34.372,7.79,21/11/2002
28,28,31,34.415,6.273,23/11/2002
28,28,32,34.92,4.751,25/11/2002
28,28,33,34.527,2.116,26/11/2002
28,28,34,35.293,0.337,27/11/2002
28,28,35,34.63,-3.161,28/11/2002
28,28,36,34.103,-4.052,29/11/2002
28,28,37,33.834,-4.968,30/11/2002
28,28,38,33.891,-5.998,01/12/2002
28,28,39,32.918,-8.644,02/12/2002
28,28,40,32.674,-11.537,03/12/2002
28,28,41,31.112,-13.791,04/12/2002
28,28,42,28.676,-17.835,05/12/2002
28,28,43,27.232,-19.889,07/12/2002
28,28,44,25.822,-20.543,01/01/2003
28,28,45,25.48,-21.461,02/01/2003
28,28,46,24.984,-21.008,19/01/2003
28,28,47,22.365,-19.882,20/01/2003
28,28,48,21.095,-21.029,21/01/2003
28,28,49,19.509,-24.223,22/01/2003
28,28,50,20.602,-26.308,23/01/2003
28,28,51,23.911,-28.985,24/01/2003
28,28,52,25.519,-28.979,25/01/2003
28,28,53,24.487,-30.868,26/01/2003
28,28,54,24.072,-32.664,27/01/2003
28,28,55,24.176,-33.454,28/01/2003
28,28,56,24.265,-33.933,29/01/2003
28,28,57,24.153,-34.046,31/01/2003
28,28,58,24.346,-33.954,01/03/2003
28,28,59,25.095,-31.536,02/03/2003
28,28,60,25.639,-29.577,03/03/2003
28,28,61,25.298,-28.567,04/03/2003
28,28,62,25.783,-26.241,05/03/2003
28,28,63,26.486,-22.287,06/03/2003
28,28,64,26.518,-18.863,07/03/2003
28,28,65,27.267,-17.483,08/03/2003
28,28,66,27.583,-17.016,10/03/2003
28,28,67,28.024,-16.67,13/03/2003
28,28,68,29.744,-15.435,14/03/2003
28,28,69,30.138,-13.887,15/03/2003
28,28,70,30.987,-12.885,16/03/2003
28,28,71,31.482,-10.71,17/03/2003
28,28,72,31.511,-8.3,18/03/2003
28,28,73,31.485,-5.616,19/03/2003
28,28,74,32.116,-3.397,20/03/2003
28,28,75,33.38,-2.903,21/03/2003
28,28,76,34.414,-2.37,23/03/2003
28,28,77,35.025,0.129,24/03/2003
28,28,78,34.397,1.757,25/03/2003
28,28,79,33.379,3.714,26/03/2003
28,28,80,33.428,4.687,27/03/2003
28,28,81,32.956,5.686,28/03/2003
28,28,82,33.331,7.649,29/03/2003
28,28,83,33.661,10.452,30/03/2003
28,28,84,33.785,12.569,31/03/2003
28,28,85,32.868,14.399,01/04/2003
28,28,86,32.581,15.944,02/04/2003
28,28,87,32.453,17.183,03/04/2003
28,28,88,32.314,17.931,05/04/2003
28,28,89,32.492,19.048,06/04/2003
28,28,90,33.031,21.568,07/04/2003
28,28,91,32.794,23.775,08/04/2003
28,28,92,33.158,24.407,09/04/2003
28,28,93,33.388,25.709,10/04/2003
28,28,94,33.59,27.41,11/04/2003
28,28,95,35.281,31.271,15/04/2003
28,28,96,35.738,32.649,29/04/2003
28,28,97,36.189,34.154,01/05/2003
28,28,98,36.182,36.917,02/05/2003
28,28,99,31.79,38.952,04/05/2003
28,28,100,31.202,39.302,05/05/2003
28,28,101,25.68,45.623,10/05/2003
28,28,102,23.743,47.837,11/05/2003
28,28,103,21.554,49.657,20/05/2003
28,28,104,18.042,50.508,24/05/2003
28,28,105,14.182,51.285,26/05/2003
28,28,106,12.014,51.975,28/05/2003
29,29,1,12.014,51.975,13/08/2003
29,29,2,12.038,52.675,14/08/2003
29,29,3,16.301,49.573,15/08/2003
29,29,4,17.959,50.187,16/08/2003
29,29,5,24.366,46.071,17/08/2003
29,29,6,24.953,44.96,18/08/2003
29,29,7,25.586,43.109,19/08/2003
29,29,8,27.437,41.393,20/08/2003
29,29,9,28.563,40.83,21/08/2003
29,29,10,31.156,39.261,22/08/2003
29,29,11,34.146,36.608,23/08/2003
29,29,12,37.241,35.235,24/08/2003
29,29,13,36.833,33.703,25/08/2003
29,29,14,35.896,31.758,26/08/2003
29,29,15,33.397,28.736,27/08/2003
29,29,16,32.519,23.13,29/08/2003
29,29,17,32.396,19.841,30/08/2003
29,29,18,34.291,16.751,31/08/2003
29,29,19,34.695,16.327,05/09/2003
29,29,20,34.442,15.666,10/09/2003
29,29,21,34.597,14.814,18/10/2003
29,29,22,33.995,13.727,30/10/2003
29,29,23,31.62,12.507,02/11/2003
29,29,24,32.053,12.101,09/11/2003
29,29,25,33.35,9.183,03/12/2003
29,29,26,34.671,4.48,06/12/2003
29,29,27,35.343,2.947,08/12/2003
29,29,28,35.591,1.703,09/12/2003
29,29,29,36.137,-0.383,10/12/2003
29,29,30,34.904,-3.136,11/12/2003
29,29,31,34.732,-3.863,12/12/2003
29,29,32,33.973,-4.196,13/12/2003
29,29,33,34.096,-4.864,14/12/2003
29,29,34,34.07,-7.569,17/12/2003
29,29,35,33.99,-8.37,22/12/2003
29,29,36,32.514,-9.996,23/12/2003
29,29,37,32.245,-11.901,24/12/2003
29,29,38,30.902,-13.963,25/12/2003
29,29,39,30.165,-15.766,26/12/2003
29,29,40,28.573,-17.155,27/12/2003
29,29,41,27.359,-18.927,28/12/2003
29,29,42,27.065,-19.832,29/12/2003
29,29,43,26.116,-20.939,02/01/2004
29,29,44,25.654,-21.1,13/01/2004
29,29,45,24.117,-21.805,26/01/2004
29,29,46,23.394,-23.446,28/01/2004
29,29,47,23.902,-25.078,29/01/2004
29,29,48,24.073,-27.885,30/01/2004
29,29,49,23.568,-29.58,31/01/2004
29,29,50,24.599,-29.014,01/02/2004
29,29,51,26.454,-29.623,03/02/2004
29,29,52,26.9,-27.963,04/02/2004
29,29,53,26.162,-28.066,05/02/2004
29,29,54,25.889,-28.007,08/02/2004
29,29,55,25.967,-25.417,21/02/2004
29,29,56,26.098,-24.777,23/02/2004
29,29,57,26.685,-23.638,27/02/2004
29,29,58,26.024,-21.77,08/03/2004
29,29,59,27.129,-19.36,09/03/2004
29,29,60,29.063,-16.723,10/03/2004
29,29,61,30.146,-14.28,11/03/2004
29,29,62,31.116,-12.858,12/03/2004
29,29,63,32.289,-11.229,13/03/2004
29,29,64,32.473,-9.905,14/03/2004
29,29,65,32.967,-7.358,15/03/2004
29,29,66,33.226,-4.089,16/03/2004
29,29,67,34.394,-2.164,17/03/2004
29,29,68,35.179,0.17,18/03/2004
29,29,69,34.13,2.017,19/03/2004
29,29,70,32.968,7.44,20/03/2004
29,29,71,33.557,9.128,21/03/2004
29,29,72,32.828,11.332,22/03/2004
29,29,73,33.116,12.485,23/03/2004
29,29,74,32.37,14.297,24/03/2004
29,29,75,32.641,14.91,25/03/2004
29,29,76,33.197,16.474,26/03/2004
29,29,77,33.92,18.021,27/03/2004
29,29,78,33.003,19.586,28/03/2004
29,29,79,32.734,21.248,29/03/2004
29,29,80,32.612,22.72,30/03/2004
29,29,81,32.287,23.445,31/03/2004
29,29,82,33.192,24.33,01/04/2004
29,29,83,33.689,27.351,02/04/2004
29,29,84,34.481,29.414,05/04/2004
29,29,85,34.187,30.203,06/04/2004
29,29,86,35.25,32.591,07/04/2004
29,29,87,36.461,35.569,09/04/2004
29,29,88,32.788,37.764,10/04/2004
29,29,89,25.869,41.185,14/04/2004
29,29,90,26.452,43.564,16/04/2004
29,29,91,24.838,43.349,18/04/2004
29,29,92,17.952,49.97,20/04/2004
29,29,93,14.425,51.1,22/04/2004
29,29,94,12.1,52.05,24/04/2004
30,30,1,12.166,52.114,14/08/2004
30,30,2,11.749,52.101,15/08/2004
30,30,3,16.074,51.011,16/08/2004
30,30,4,19.313,50.35,17/08/2004
30,30,5,21.641,49.75,18/08/2004
30,30,6,23.781,48.605,19/08/2004
30,30,7,25.23,47.027,20/08/2004
30,30,8,27.267,44.826,21/08/2004
30,30,9,28.239,43.47,22/08/2004
30,30,10,29.775,40.904,23/08/2004
30,30,11,32.789,38.041,24/08/2004
30,30,12,36.049,36.769,25/08/2004
30,30,13,37.194,34.155,27/08/2004
30,30,14,35.787,32.821,28/08/2004
30,30,15,33.283,29.212,29/08/2004
30,30,16,32.885,24.433,30/08/2004
30,30,17,33.286,20.394,31/08/2004
30,30,18,33.22,17.87,01/09/2004
30,30,19,33.529,16.849,02/09/2004
30,30,20,33.979,16.059,03/09/2004
30,30,21,34.344,16.049,04/09/2004
30,30,22,34.002,15.55,05/09/2004
30,30,23,33.979,15.244,07/09/2004
30,30,24,33.18,14.732,10/09/2004
30,30,25,32.09,13.747,11/09/2004
30,30,26,33.696,13.139,14/09/2004
30,30,27,32.547,13.851,15/09/2004
30,30,28,30.666,13.029,17/09/2004
30,30,29,28.92,12.111,19/09/2004
30,30,30,28.226,11.92,22/09/2004
30,30,31,27.606,11.213,23/09/2004
30,30,32,27.047,11.054,24/09/2004
30,30,33,26.007,11.857,25/09/2004
30,30,34,24.067,12.362,27/09/2004
30,30,35,23.061,12.248,30/09/2004
30,30,36,22.75,13.431,02/10/2004
30,30,37,23.615,12.608,21/10/2004
30,30,38,24.113,11.383,27/10/2004
30,30,39,27.092,10.172,31/10/2004
30,30,40,28.761,9.729,07/11/2004
30,30,41,29.58,9.587,10/11/2004
30,30,42,31.615,9.273,16/11/2004
30,30,43,32.059,8.707,17/11/2004
30,30,44,32.448,7.122,18/11/2004
30,30,45,33.099,4.535,21/11/2004
30,30,46,34.257,3.114,23/11/2004
30,30,47,34.4,2.625,24/11/2004
30,30,48,34.377,1.473,26/11/2004
30,30,49,35.382,-2.055,27/11/2004
30,30,50,34.221,-4.028,28/11/2004
30,30,51,33.969,-5.153,30/11/2004
30,30,52,33.17,-7.451,04/12/2004
30,30,53,32.394,-9.377,05/12/2004
30,30,54,32.048,-11.958,06/12/2004
30,30,55,31.963,-12.526,07/12/2004
30,30,56,30.295,-14.723,10/12/2004
30,30,57,29.254,-17.638,11/12/2004
30,30,58,28.123,-18.164,12/12/2004
30,30,59,26.798,-19.956,13/12/2004
30,30,60,25.556,-21.064,14/12/2004
30,30,61,23.777,-19.165,15/12/2004
30,30,62,20.957,-19.998,16/12/2004
30,30,63,22.996,-21.738,21/12/2004
30,30,64,25.63,-22.208,23/12/2004
30,30,65,26.688,-25.22,24/12/2004
30,30,66,27.442,-28.578,25/12/2004
30,30,67,27.201,-30.233,26/12/2004
30,30,68,26.687,-32.063,27/12/2004
30,30,69,26.034,-32.685,29/12/2004
30,30,70,24.22,-33.336,31/12/2004
30,30,71,24.154,-34.042,05/01/2005
30,30,72,24.322,-33.876,24/02/2005
30,30,73,25.394,-31.73,25/02/2005
30,30,74,26.348,-28.199,26/02/2005
30,30,75,26.337,-27.821,27/02/2005
30,30,76,26.4,-26.943,28/02/2005
30,30,77,26.588,-23.934,01/03/2005
30,30,78,26.423,-20.586,02/03/2005
30,30,79,27.456,-18.203,03/03/2005
30,30,80,28.351,-17.729,04/03/2005
30,30,81,29.342,-15.758,05/03/2005
30,30,82,30.581,-13.671,06/03/2005
30,30,83,31.535,-12.078,07/03/2005
30,30,84,31.657,-10.425,09/03/2005
30,30,85,32.866,-8.43,10/03/2005
30,30,86,32.618,-5.017,11/03/2005
30,30,87,34.496,-2.061,12/03/2005
30,30,88,34.073,-0.802,13/03/2005
30,30,89,33.186,3.428,14/03/2005
30,30,90,32.64,7.234,15/03/2005
30,30,91,32.895,9.678,16/03/2005
30,30,92,33.446,11.571,17/03/2005
30,30,93,33.129,13.288,18/03/2005
30,30,94,32.494,14.363,19/03/2005
30,30,95,32.745,15.651,20/03/2005
30,30,96,32.813,16.81,21/03/2005
30,30,97,32.001,18.773,23/03/2005
30,30,98,31.614,19.155,24/03/2005
30,30,99,32.535,20.09,25/03/2005
30,30,100,32.885,21.939,26/03/2005
30,30,101,32.959,23.603,27/03/2005
30,30,102,33.202,25.938,28/03/2005
30,30,103,32.96,28.251,29/03/2005
30,30,104,32.568,29.258,30/03/2005
30,30,105,34.54,31.515,31/03/2005
30,30,106,37.032,35.055,02/04/2005
30,30,107,36.862,36.448,03/04/2005
30,30,108,36.567,36.828,04/04/2005
30,30,109,33.842,37.274,05/04/2005
30,30,110,31.92,38.28,06/04/2005
30,30,111,31.501,38.423,07/04/2005
30,30,112,30.557,38.71,09/04/2005
30,30,113,28.922,39.943,10/04/2005
30,30,114,28.751,40.223,11/04/2005
30,30,115,27.729,40.141,13/04/2005
30,30,116,27.384,41.376,14/04/2005
30,30,117,27.586,42.537,16/04/2005
30,30,118,27.753,43.913,17/04/2005
30,30,119,25.572,46.539,18/04/2005
30,30,120,23.979,47.966,19/04/2005
30,30,121,23.282,47.703,22/04/2005
30,30,122,20.453,50.012,23/04/2005
30,30,123,13.924,51.629,24/04/2005
30,30,124,12.165,52.107,25/04/2005
31,31,1,12.12,52.03,25/08/2005
31,31,2,14.574,51.399,26/08/2005
31,31,3,17.843,50.185,27/08/2005
31,31,4,18.012,50.135,28/08/2005
31,31,5,20.251,49.325,29/08/2005
31,31,6,22.196,47.378,30/08/2005
31,31,7,24.46,46.131,31/08/2005
31,31,8,25.867,45.01,01/09/2005
31,31,9,26.485,43.919,02/09/2005
31,31,10,29.279,40.284,04/09/2005
31,31,11,33.9,36.647,05/09/2005
31,31,12,36.527,35.171,06/09/2005
31,31,13,34.737,30.756,07/09/2005
31,31,14,32.858,25.958,08/09/2005
31,31,15,33.006,23.642,09/09/2005
31,31,16,32.939,20.365,10/09/2005
31,31,17,34.507,17.626,11/09/2005
31,31,18,34.247,16.473,12/09/2005
31,31,19,33.907,15.754,17/09/2005
31,31,20,34.003,15.233,24/09/2005
31,31,21,33.858,14.55,09/10/2005
31,31,22,33.402,13.366,12/10/2005
31,31,23,32.174,12.004,13/10/2005
31,31,24,32.231,11.811,28/10/2005
31,31,25,32.022,10.646,04/11/2005
31,31,26,31.751,10.386,07/11/2005
31,31,27,30.936,10.124,04/12/2005
31,31,28,31.436,9.442,05/12/2005
31,31,29,31.677,8.749,06/12/2005
31,31,30,33.008,6.573,08/12/2005
31,31,31,33.065,4.483,09/12/2005
31,31,32,33.042,2.925,10/12/2005
31,31,33,34.023,2.036,11/12/2005
31,31,34,35.079,-1.085,12/12/2005
31,31,35,33.765,-3.924,13/12/2005
31,31,36,32.956,-6.458,14/12/2005
31,31,37,32.873,-8.858,16/12/2005
31,31,38,32.943,-9.836,17/12/2005
31,31,39,32.455,-12.874,18/12/2005
31,31,40,31.312,-14.642,19/12/2005
31,31,41,30.321,-16.987,20/12/2005
31,31,42,29.922,-17.348,21/12/2005
31,31,43,29.644,-18.001,22/12/2005
31,31,44,28.346,-19.511,23/12/2005
31,31,45,27.234,-19.74,24/12/2005
31,31,46,27.238,-19.737,25/12/2005
31,31,47,27.175,-19.726,26/12/2005
31,31,48,27.258,-19.739,27/12/2005
31,31,49,27.218,-19.735,29/12/2005
31,31,50,27.24,-19.739,30/12/2005
31,31,51,26.987,-19.649,31/12/2005
31,31,52,27.217,-19.79,01/01/2006
31,31,53,27.228,-19.789,02/01/2006
31,31,54,26.903,-19.899,03/01/2006
31,31,55,26.91,-19.902,04/01/2006
31,31,56,26.531,-20.042,26/01/2006
31,31,57,25.571,-21.293,27/01/2006
31,31,58,24.277,-21.079,29/01/2006
31,31,59,23.331,-20.942,30/01/2006
31,31,60,22.642,-21.065,04/02/2006
31,31,61,21.819,-21.689,14/02/2006
31,31,62,22.458,-22.106,26/02/2006
31,31,63,23.521,-20.717,27/02/2006
31,31,64,25.167,-20.088,28/02/2006
31,31,65,26.345,-20.094,01/03/2006
31,31,66,27.866,-18.156,03/03/2006
31,31,67,28.687,-16.807,04/03/2006
31,31,68,29.528,-16.712,05/03/2006
31,31,69,29.851,-14.662,06/03/2006
31,31,70,30.658,-13.309,07/03/2006
31,31,71,31.214,-11.686,08/03/2006
31,31,72,31.64,-11.24,09/03/2006
31,31,73,32.35,-9.225,10/03/2006
31,31,74,32.727,-7.035,11/03/2006
31,31,75,33.275,-4.369,12/03/2006
31,31,76,34.288,-2.311,13/03/2006
31,31,77,35.014,0.097,14/03/2006
31,31,78,33.316,3.893,15/03/2006
31,31,79,32.546,6.535,16/03/2006
31,31,80,32.319,7.778,17/03/2006
31,31,81,33.709,10.862,18/03/2006
31,31,82,33.912,13.222,19/03/2006
31,31,83,33.264,15.076,20/03/2006
31,31,84,32.62,16.482,21/03/2006
31,31,85,32.121,18.209,22/03/2006
31,31,86,31.874,20.494,23/03/2006
31,31,87,32.97,22.35,24/03/2006
31,31,88,33.006,23.734,25/03/2006
31,31,89,33.513,25.787,26/03/2006
31,31,90,34.168,28.218,27/03/2006
31,31,91,34.378,29.844,28/03/2006
31,31,92,35.189,31.143,29/03/2006
31,31,93,35.587,35.417,31/03/2006
31,31,94,35.782,36.819,01/04/2006
31,31,95,35.771,37.139,02/04/2006
31,31,96,33.724,37.713,03/04/2006
31,31,97,28.664,41.283,06/04/2006
31,31,98,27.579,41.927,07/04/2006
31,31,99,27.041,44.652,10/04/2006
31,31,100,24.874,48.09,11/04/2006
31,31,101,25.244,48.095,14/04/2006
31,31,102,23.771,48.002,16/04/2006
31,31,103,20.901,49.921,18/04/2006
31,31,104,15.599,51.577,20/04/2006
31,31,105,12.15,52.047,21/04/2006
32,32,1,12.087,52.118,20/08/1998
32,32,2,15.309,51.019,23/08/1998
32,32,3,22.786,47.723,26/08/1998
32,32,4,27.119,43.04,29/08/1998
32,32,5,32.165,38.715,31/08/1998
32,32,6,35.255,37.195,01/09/1998
32,32,7,36.021,32.979,03/09/1998
32,32,8,33.437,28.513,05/09/1998
32,32,9,32.937,23.961,06/09/1998
32,32,10,33.446,19.418,07/09/1998
32,32,11,34.094,15.823,12/09/1998
32,32,12,32.848,14.685,11/10/1998
32,32,13,32.591,11.51,03/11/1998
32,32,14,35.667,13.888,24/11/1998
32,32,15,34.777,12.562,08/12/1998
32,32,16,35.644,9.124,10/12/1998
32,32,17,36.593,6.176,12/12/1998
32,32,18,36.655,3.361,13/12/1998
32,32,19,34.254,1.644,14/12/1998
32,32,20,35.117,-1.127,15/12/1998
32,32,21,32.964,-7.315,18/12/1998
32,32,22,31.937,-12.109,20/12/1998
32,32,23,29.232,-16.584,22/12/1998
32,32,24,26.726,-19.789,24/12/1998
32,32,25,26.451,-21.539,05/01/1999
32,32,26,25.167,-24.048,06/01/1999
32,32,27,24.475,-28.382,07/01/1999
32,32,28,24.38,-32.454,08/01/1999
32,32,29,23.689,-33.207,12/01/1999
32,32,30,22.065,-33.984,19/01/1999
32,32,31,22.929,-33.928,23/01/1999
32,32,32,24.216,-33.788,25/01/1999
32,32,33,24.141,-34.014,27/01/1999
32,32,34,25.883,-29.61,26/02/1999
32,32,35,25.588,-26.318,27/02/1999
32,32,36,25.609,-23.45,28/02/1999
32,32,37,26.281,-20.173,01/03/1999
32,32,38,27.2,-19.253,02/03/1999
32,32,39,28.279,-17.4,03/03/1999
32,32,40,28.54,-16.133,04/03/1999
32,32,41,30.202,-15.183,05/03/1999
32,32,42,31.059,-12.948,06/03/1999
32,32,43,31.184,-12.355,07/03/1999
32,32,44,31.479,-12.16,08/03/1999
32,32,45,32.391,-9.847,09/03/1999
32,32,46,33.449,-7.238,10/03/1999
32,32,47,33.833,-5.237,11/03/1999
32,32,48,34.571,-3.793,12/03/1999
32,32,49,34.597,-1.974,13/03/1999
32,32,50,35.178,-0.223,14/03/1999
32,32,51,35.074,0.601,15/03/1999
32,32,52,34.324,1.855,16/03/1999
32,32,53,34.301,2.536,17/03/1999
32,32,54,32.642,6.32,18/03/1999
32,32,55,33.083,9.504,19/03/1999
32,32,56,32.741,12.488,20/03/1999
32,32,57,32.803,13.323,21/03/1999
32,32,58,32.491,14.204,22/03/1999
32,32,59,32.543,15.081,23/03/1999
32,32,60,32.626,16.087,24/03/1999
32,32,61,33.084,17.421,26/03/1999
32,32,62,32.946,18.264,27/03/1999
32,32,63,32.628,20.541,28/03/1999
32,32,64,32.534,22.621,29/03/1999
32,32,65,33.724,25.203,30/03/1999
32,32,66,33.676,27.145,31/03/1999
32,32,67,33.336,29.207,01/04/1999
32,32,68,35.507,32.227,02/04/1999
32,32,69,36.003,34.131,03/04/1999
32,32,70,36.288,35.537,04/04/1999
32,32,71,34.936,37.357,05/04/1999
32,32,72,33.954,36.914,06/04/1999
32,32,73,32.776,37.155,08/04/1999
32,32,74,33.404,38.737,16/04/1999
32,32,75,32.102,38.611,17/04/1999
32,32,76,30.981,39.72,18/04/1999
32,32,77,30.868,40.359,19/04/1999
32,32,78,28.843,41.219,20/04/1999
32,32,79,27.357,42.655,21/04/1999
32,32,80,26.591,45.313,22/04/1999
32,32,81,23.82,47.242,23/04/1999
32,32,82,20.976,49.163,25/04/1999
32,32,83,20.176,49.404,26/04/1999
32,32,84,18.305,49.528,28/04/1999
32,32,85,17.447,50.357,29/04/1999
32,32,86,14.13,51.433,30/04/1999
32,32,87,12.157,52.0,01/05/1999
33,33,1,12.449,52.0,20/08/1998
33,33,2,16.087,50.964,23/08/1998
33,33,3,22.349,46.178,26/08/1998
33,33,4,24.692,44.272,28/08/1998
33,33,5,32.388,38.811,30/08/1998
33,33,6,35.917,30.029,04/09/1998
33,33,7,32.643,25.156,06/09/1998
33,33,8,28.93,19.344,08/09/1998
33,33,9,25.927,16.788,10/09/1998
33,33,10,20.021,14.523,15/09/1998
33,33,11,19.544,13.478,25/10/1998
33,33,12,17.281,12.73,24/11/1998
33,33,13,16.911,12.509,09/12/1998
33,33,14,16.169,11.819,17/01/1999
33,33,15,18.663,12.319,19/01/1999
33,33,16,20.181,12.405,20/01/1999
33,33,17,21.269,11.784,21/01/1999
33,33,18,22.447,10.719,22/01/1999
33,33,19,23.638,10.569,23/01/1999
33,33,20,24.308,9.755,24/01/1999
33,33,21,25.479,9.118,25/01/1999
33,33,22,26.521,8.898,26/01/1999
33,33,23,28.164,7.561,27/01/1999
33,33,24,29.775,6.439,28/01/1999
33,33,25,30.987,5.428,29/01/1999
33,33,26,32.824,4.324,30/01/1999
33,33,27,33.968,1.76,02/02/1999
33,33,28,34.431,-1.025,03/02/1999
33,33,29,34.393,-2.117,04/02/1999
33,33,30,33.121,-4.714,17/02/1999
33,33,31,32.591,-7.17,18/02/1999
33,33,32,32.737,-9.21,19/02/1999
33,33,33,32.948,-10.089,20/02/1999
33,33,34,32.808,-11.241,21/02/1999
33,33,35,33.134,-12.5,22/02/1999
33,33,36,33.84,-14.631,23/02/1999
33,33,37,33.327,-16.269,24/02/1999
33,33,38,32.689,-13.846,30/03/1999
33,33,39,33.208,-11.958,31/03/1999
33,33,40,33.299,-10.689,01/04/1999
33,33,41,33.464,-9.216,02/04/1999
33,33,42,33.498,-7.269,03/04/1999
33,33,43,34.174,-5.509,05/04/1999
33,33,44,34.35,-4.016,06/04/1999
33,33,45,34.679,-2.006,07/04/1999
33,33,46,35.273,0.336,08/04/1999
33,33,47,34.343,2.503,09/04/1999
33,33,48,33.502,4.079,10/04/1999
33,33,49,33.133,7.274,11/04/1999
33,33,50,33.622,11.216,12/04/1999
33,33,51,33.62,13.754,13/04/1999
33,33,52,32.855,15.258,16/04/1999
33,33,53,32.947,16.491,17/04/1999
33,33,54,32.455,18.292,18/04/1999
33,33,55,32.538,19.697,19/04/1999
33,33,56,31.615,21.431,20/04/1999
33,33,57,33.269,22.723,21/04/1999
33,33,58,33.431,23.811,23/04/1999
33,33,59,33.44,27.706,24/04/1999
34,34,1,14.699,51.316,17/08/2001
34,34,2,16.24,50.757,20/08/2001
34,34,3,17.975,51.062,21/08/2001
34,34,4,21.213,48.334,25/08/2001
34,34,5,23.53,46.078,26/08/2001
34,34,6,25.996,44.266,27/08/2001
34,34,7,27.951,43.076,28/08/2001
34,34,8,30.899,40.138,29/08/2001
34,34,9,32.213,38.735,30/08/2001
34,34,10,36.803,35.152,31/08/2001
34,34,11,36.615,34.347,01/09/2001
34,34,12,34.34,29.765,02/09/2001
34,34,13,33.396,27.065,03/09/2001
34,34,14,32.646,25.192,04/09/2001
34,34,15,32.853,23.75,05/09/2001
34,34,16,30.842,20.59,06/09/2001
34,34,17,27.566,16.55,07/09/2001
34,34,18,22.973,15.067,08/09/2001
34,34,19,21.298,14.61,09/09/2001
34,34,20,20.205,14.432,10/09/2001
34,34,21,18.569,14.181,11/09/2001
34,34,22,18.205,13.969,14/09/2001
34,34,23,17.989,14.364,20/09/2001
34,34,24,18.073,12.997,14/10/2001
34,34,25,17.174,12.648,18/10/2001
34,34,26,18.385,13.082,12/11/2001
34,34,27,19.416,13.437,25/11/2001
34,34,28,20.789,12.672,27/11/2001
34,34,29,22.877,12.157,29/11/2001
34,34,30,24.491,11.906,30/11/2001
34,34,31,25.572,10.759,02/12/2001
34,34,32,26.525,10.666,15/12/2001
34,34,33,27.397,10.759,06/01/2002
34,34,34,26.065,10.909,14/01/2002
34,34,35,24.65,11.198,01/02/2002
34,34,36,23.85,10.814,05/02/2002
34,34,37,29.899,11.121,19/02/2002
34,34,38,30.272,11.893,20/02/2002
34,34,39,30.79,12.962,21/02/2002
35,35,1,11.657,52.99,17/08/2001
35,35,2,12.792,52.532,18/08/2001
35,35,3,13.895,52.214,20/08/2001
35,35,4,15.82,51.488,21/08/2001
35,35,5,17.984,51.36,24/08/2001
35,35,6,19.659,49.597,25/08/2001
35,35,7,22.63,47.553,26/08/2001
35,35,8,24.802,46.536,27/08/2001
35,35,9,27.369,42.609,28/08/2001
35,35,10,29.898,40.774,29/08/2001
35,35,11,33.424,37.599,30/08/2001
35,35,12,36.116,36.95,31/08/2001
35,35,13,36.3,34.08,01/09/2001
35,35,14,35.176,31.561,02/09/2001
35,35,15,34.831,30.489,03/09/2001
35,35,16,32.807,26.533,04/09/2001
35,35,17,32.515,23.455,05/09/2001
35,35,18,30.356,20.308,06/09/2001
35,35,19,28.733,17.108,07/09/2001
35,35,20,22.35,14.57,08/09/2001
35,35,21,21.33,14.742,09/09/2001
35,35,22,21.579,15.021,11/09/2001
35,35,23,21.124,14.627,16/09/2001
35,35,24,20.718,13.962,21/09/2001
35,35,25,19.892,13.732,23/09/2001
35,35,26,20.616,13.16,15/10/2001
35,35,27,20.357,12.716,21/10/2001
35,35,28,21.885,11.257,29/10/2001
35,35,29,23.198,9.864,09/11/2001
35,35,30,23.588,11.207,13/11/2001
35,35,31,24.736,11.235,14/11/2001
35,35,32,27.572,10.327,18/11/2001
35,35,33,26.047,10.978,25/11/2001
35,35,34,25.282,11.46,30/11/2001
35,35,35,26.399,10.644,26/12/2001
