id,Name,Total pop. 1981,Total pop. 1991,Pop. density 1981,Pop. density 1991,% 0-14 years,% 15-24 years,% 25-64 years,% 65 or more years,% male 1981,% female 1981,% male 1991,% female 1991,Abs. pop. change from 1981 to 1991,% pop. change from 1981 to 1991,% female among employed 1991,% unemployed in total pop. 1991,% female among unemployed 1991,% employed in agriculture 1981,% employed in industry 1981,% employed in services 1981,% employed in agriculture 1991,% employed in industry 1991,% employed in services 1991,% pop. no primary school education 1981,% pop. with primary school education 1981,% pop. with preparatory school education 1981,% pop. with high school education 1981,% pop. no primary school education 1991,% pop. with primary school education 1991,% pop. with preparatory school education 1991,% pop. with high school education 1991,total employed in agriculture 1991,total employed in industry 1991,total employed in services 1991,N pop. no primary school education 1991,N pop. with primary school education 1991,N pop. with preparatory school education 1991,N. pop. with high school education 1991
0101,Agueda,43216,44045,129.583,132.069,20.66,16.80,50.29,12.26,48.97,51.03,48.74,51.26,829,1.92,42.22,0.92,60.59,19.98,60.22,19.80,10.88,61.30,27.83,47.48,36.92,6.06,9.534,14.17,29.57,8.73,5.71,2321,13081,5938,6240,13026,3843,2517
0102,Albergaria-a-Velha,21326,21995,136.723,141.012,20.77,16.48,49.32,13.43,48.6,51.4,48.82,51.18,669,3.14,36.66,1.70,64.17,26.07,51.15,22.79,8.45,56.17,35.39,50.48,35.21,4.85,9.460,13.12,28.36,10.60,5.30,741,4927,3104,2886,6238,2331,1165
0103,Anadia,29820,28899,137.337,133.095,19.07,15.98,49.32,15.63,48.29,51.71,48.25,51.75,-921,-3.09,38.97,1.79,68.99,28.71,43.40,27.89,16.64,46.66,36.70,50.20,35.09,5.61,9.101,14.34,29.46,6.33,4.83,2121,5949,4679,4145,8514,1828,1397
0104,Arouca,23896,23894,72.856,72.85,23.79,18.34,43.00,14.87,48.05,51.95,48.59,51.41,-2,-0.01,37.53,1.67,61.31,50.64,28.98,20.38,26.44,45.89,27.67,55.62,30.61,2.39,11.382,19.77,28.65,11.31,2.32,2456,4263,2571,4725,6845,2703,555
0105,Aveiro,60284,66444,301.767,332.602,20.30,16.54,51.81,11.35,48.25,51.75,48.17,51.83,6160,10.22,42.25,2.26,65.56,12.70,41.75,45.55,5.25,36.99,57.76,44.42,36.23,9.51,9.838,11.03,25.68,7.19,7.93,1597,11264,17587,7326,17060,4780,5272
0106,Castelo de Paiva,17026,16515,148.478,144.022,23.62,20.43,45.09,10.86,49.28,50.72,49.37,50.63,-511,-3.00,31.47,3.61,64.66,42.09,35.05,22.87,8.97,62.41,28.62,52.96,32.49,1.90,12.644,16.42,28.34,16.97,2.50,522,3631,1665,2712,4681,2803,413
0107,Espinho,32409,34956,1513.025,1631.933,20.12,18.09,51.37,10.43,47.83,52.17,48.13,51.87,2547,7.86,41.61,3.19,63.68,1.37,55.47,43.16,1.12,48.85,50.03,44.68,35.82,8.59,10.919,11.37,27.50,7.46,7.56,178,7766,7953,3973,9613,2609,2642
0108,Estarreja,26261,26742,242.91,247.359,20.95,16.19,48.66,14.20,48.36,51.64,48.31,51.69,481,1.83,36.53,2.40,65.16,22.85,49.81,27.33,11.28,48.99,39.73,49.83,34.81,5.68,9.675,13.14,28.82,8.48,5.87,1192,5175,4197,3515,7706,2269,1571
0109,Santa Maria da Feira,109531,118641,513.146,555.826,22.20,18.68,50.30,8.83,48.32,51.68,48.53,51.47,9110,8.32,42.08,1.34,52.80,6.20,73.27,20.53,2.20,70.74,27.06,47.79,37.25,3.98,10.979,13.75,30.18,12.52,4.14,1257,40405,15456,16318,35808,14859,4910
0110,Ilhavo,31383,33235,418.161,442.838,21.51,17.08,50.74,10.67,48.26,51.74,48.31,51.69,1852,5.90,38.94,2.79,63.47,20.27,46.71,33.02,14.32,43.15,42.53,45.74,38.04,6.03,10.186,11.77,29.37,8.22,5.58,2030,6118,6031,3912,9762,2731,1853
0111,Mealhada,19305,18272,173.7,164.405,18.88,15.66,50.78,14.68,48.18,51.82,48.2,51.8,-1033,-5.35,37.42,3.20,61.88,20.52,41.49,37.99,10.89,39.09,50.03,49.10,35.96,5.67,9.265,14.03,29.55,7.20,5.71,782,2808,3594,2563,5400,1315,1044
0112,Murtosa,9816,9579,133.279,130.061,21.18,15.86,44.48,18.48,46.59,53.41,48.23,51.77,-237,-2.41,31.74,1.79,61.99,40.61,29.98,29.41,32.75,33.06,34.19,55.95,31.14,2.60,10.314,15.46,31.44,7.53,3.07,1070,1080,1117,1481,3012,721,294
0113,Oliveira de Azemeis,62821,66846,384.438,409.069,21.72,17.91,49.86,10.50,48.93,51.07,48.98,51.02,4025,6.41,42.69,1.08,55.59,11.50,67.79,20.72,4.11,69.51,26.38,48.39,36.68,4.59,10.339,12.18,28.96,12.30,4.76,1366,23119,8775,8142,19360,8219,3181
0114,Oliveira do Bairro,17517,18660,200.699,213.795,18.64,15.59,49.76,16.01,47.31,52.69,47.18,52.82,1143,6.53,43.88,0.96,64.25,45.33,35.64,19.03,30.37,42.09,27.54,52.59,34.73,4.02,8.668,15.80,31.24,9.30,3.94,2743,3801,2487,2948,5829,1736,735
0115,Ovar,45378,49659,302.762,331.325,22.00,18.28,49.03,10.70,47.86,52.14,48.69,51.31,4281,9.43,41.80,2.76,57.17,9.82,60.73,29.45,3.65,60.94,35.41,49.20,34.70,5.35,10.755,13.45,28.46,9.49,5.59,815,13612,7908,6679,14131,4713,2775
0116,Sao Joao da Madeira,16444,18452,2027.62,2275.216,21.81,17.14,51.84,9.21,48.39,51.61,48.29,51.71,2008,12.21,45.13,1.64,53.64,0.94,64.66,34.39,0.35,61.35,38.30,41.12,39.62,9.60,9.658,10.21,28.59,7.78,7.68,33,5792,3616,1884,5275,1436,1417
0117,Sever do Vouga,13783,13826,106.146,106.477,20.86,16.66,47.07,15.41,47.91,52.09,47.79,52.21,43,0.31,41.12,2.54,66.38,47.20,34.87,17.93,27.05,42.89,30.06,52.19,34.54,3.79,9.485,17.04,28.79,12.69,3.43,1521,2411,1690,2356,3981,1755,474
0118,Vagos,18548,19068,111.991,115.131,21.64,17.18,47.13,14.06,46.57,53.43,47.83,52.17,520,2.80,46.85,1.79,54.97,63.17,22.15,14.68,40.79,28.56,30.66,55.48,31.59,2.47,10.456,17.33,28.42,8.82,2.71,3985,2790,2995,3304,5419,1682,517
0119,Vale de Cambra,24224,24537,165.679,167.82,21.32,17.34,47.97,13.37,48.82,51.18,49,51,313,1.29,42.34,1.54,58.09,38.17,43.35,18.48,19.59,51.12,29.29,52.54,33.48,3.97,10.004,15.20,27.85,11.57,4.23,2206,5757,3299,3730,6833,2840,1039
0201,Aljustrel,12870,11990,28.245,26.314,17.89,14.00,49.10,19.01,49.14,50.86,49.67,50.33,-880,-6.84,27.18,6.13,65.17,49.19,20.05,30.77,19.07,38.46,42.47,56.41,31.84,3.66,8.092,23.29,28.17,4.89,4.20,698,1408,1555,2793,3377,586,503
0202,Almodovar,10637,8999,13.71,11.599,17.82,14.02,47.99,20.16,51.4,48.6,51.15,48.85,-1638,-15.40,23.76,5.99,74.95,50.43,24.50,25.07,24.32,33.19,42.49,59.89,30.26,2.07,7.779,27.71,26.47,5.00,4.23,691,943,1207,2494,2382,450,381
0203,Alvito,2968,2650,11.375,10.156,16.76,10.87,47.40,24.98,49.6,50.4,49.13,50.87,-318,-10.71,29.91,2.57,54.41,49.15,18.84,32.01,29.44,20.91,49.65,60.06,28.93,4.12,6.883,28.57,25.92,6.91,3.92,252,179,425,757,687,183,104
0204,Barrancos,2157,2052,12.807,12.183,15.74,15.79,48.39,20.08,47.8,52.2,48.64,51.36,-105,-4.87,17.14,4.73,47.42,42.83,25.44,31.72,26.86,17.67,55.48,61.80,28.37,1.64,8.193,25.58,24.03,10.92,2.63,152,100,314,525,493,224,54
0205,Beja,38246,35827,33.543,31.421,18.48,14.38,49.90,17.25,48.69,51.31,48.09,51.91,-2419,-6.32,37.50,4.50,64.85,20.63,19.01,60.35,12.59,16.44,70.97,52.63,31.42,8.09,7.858,20.08,23.05,4.94,7.59,1721,2247,9701,7194,8258,1770,2718
0206,Castro Verde,7472,7762,13.171,13.682,17.57,13.53,47.96,20.94,48.86,51.14,49.79,50.21,290,3.88,26.20,4.72,70.77,38.25,28.73,33.02,18.86,34.39,46.75,58.49,30.56,3.39,7.565,22.15,27.71,5.14,4.37,514,937,1274,1719,2151,399,339
0207,Cuba,5740,5494,33.506,32.07,17.02,12.32,48.16,22.50,49.63,50.37,49.16,50.84,-246,-4.29,28.21,5.75,63.92,35.83,27.63,36.54,22.95,23.13,53.92,59.10,29.15,4.48,7.274,26.28,26.85,4.59,4.95,384,387,902,1444,1475,252,272
0208,Ferreira do Alentejo,11244,10075,17.34,15.537,18.27,13.26,49.01,19.45,49.55,50.45,49.45,50.55,-1169,-10.40,31.71,6.44,70.11,47.10,22.50,30.39,40.55,19.15,40.30,60.04,30.08,2.69,7.193,26.77,26.72,5.44,3.79,1421,671,1412,2697,2692,548,382
0209,Mertola,11693,9805,9.139,7.664,15.27,12.79,45.11,26.83,49.75,50.25,49.75,50.25,-1888,-16.15,19.95,3.74,65.40,48.62,21.67,29.71,29.43,27.42,43.16,63.14,27.67,2.12,7.068,31.20,24.68,5.42,3.01,733,683,1075,3059,2420,531,295
0210,Moura,19772,17549,20.645,18.324,18.86,14.12,46.58,20.44,49.13,50.87,48.75,51.25,-2223,-11.24,28.73,5.95,65.74,47.29,19.96,32.75,35.93,19.57,44.51,60.07,28.42,3.85,7.651,26.55,25.19,6.43,3.99,2093,1140,2593,4659,4421,1129,701
0211,Odemira,29463,26418,17.132,15.362,16.58,11.91,51.69,19.82,52,48,51.4,48.6,-3045,-10.33,29.42,2.64,45.91,51.81,26.73,21.46,40.04,23.01,36.96,65.78,25.36,1.75,7.109,34.40,23.78,5.99,3.16,3877,2228,3579,9089,6281,1582,834
0212,Ourique,7969,6597,12.072,9.993,14.61,12.43,48.58,24.38,51.21,48.79,50.99,49.01,-1372,-17.22,23.36,3.77,65.86,49.32,21.66,29.02,33.18,21.00,45.82,63.20,27.53,1.98,7.293,31.33,25.94,4.73,4.06,730,462,1008,2067,1711,312,268
0213,Serpa,20784,17915,18.831,16.231,16.82,14.01,48.76,20.41,49.42,50.58,49.34,50.66,-2869,-13.80,26.76,8.53,54.94,58.87,13.06,28.08,33.97,18.84,47.19,59.75,29.00,3.46,7.797,29.10,24.73,7.61,3.51,1856,1029,2578,5213,4431,1364,628
0214,Vidigueira,7405,6305,23.568,20.067,16.86,11.99,48.93,22.22,48.82,51.18,49.45,50.55,-1100,-14.85,28.38,5.69,57.38,45.89,19.02,35.09,25.88,21.32,52.79,60.92,27.82,4.29,6.978,25.80,21.35,4.03,4.20,528,435,1077,1627,1346,254,265
0301,Amares,16478,16715,201.295,204.19,25.35,18.22,43.60,12.82,47.86,52.14,48.29,51.71,237,1.44,37.41,1.62,54.61,34.52,38.02,27.46,17.84,43.78,38.38,55.11,30.22,2.40,12.281,16.60,25.65,9.11,2.71,1062,2606,2285,2775,4288,1523,453
0302,Barcelos,103773,111733,274.024,295.044,25.83,20.50,44.87,8.81,47.96,52.04,48.41,51.59,7960,7.67,45.13,1.22,42.17,25.80,53.74,20.46,10.88,64.29,24.83,50.20,34.06,2.76,12.985,15.62,28.62,14.68,3.27,5600,33089,12778,17448,31981,16404,3653
0303,Braga,124572,141256,678.83,769.746,23.69,19.46,48.15,8.71,48.27,51.73,48.08,51.92,16684,13.39,44.17,2.34,55.64,6.40,49.11,44.49,2.54,47.42,50.04,45.65,34.45,7.70,12.200,12.82,24.60,8.68,7.35,1628,30376,32054,18103,34753,12262,10383
0304,Cabeceiras de Basto,18997,16368,78.865,67.951,24.79,18.84,41.91,14.47,49.21,50.79,49.03,50.97,-2629,-13.84,30.28,2.85,59.53,57.93,20.29,21.78,32.19,32.17,35.63,57.98,27.72,2.21,12.085,24.18,23.50,10.00,2.55,1667,1666,1845,3957,3847,1637,418
0305,Celorico de Basto,22671,21477,125.185,118.592,25.40,18.86,41.44,14.30,48.17,51.83,48.48,51.52,-1194,-5.27,42.54,1.47,56.83,61.96,19.95,18.09,37.60,30.76,31.64,56.82,28.92,2.01,12.249,24.84,26.00,11.16,2.31,2877,2354,2421,5335,5584,2397,496
0306,Esposende,28652,30101,301.03,316.253,25.78,19.00,45.06,10.16,47.86,52.14,47.55,52.45,1449,5.06,46.21,1.52,49.45,33.09,43.45,23.46,18.39,50.37,31.25,51.57,33.32,2.84,12.268,15.09,27.02,15.16,2.99,2589,7093,4400,4543,8134,4564,899
0307,Fafe,45828,47862,209.385,218.678,24.39,18.33,45.88,11.41,47.23,52.77,47.62,52.38,2034,4.44,46.36,2.06,43.16,22.24,56.42,21.34,9.32,64.01,26.67,52.02,33.65,2.60,11.739,18.02,27.58,12.21,2.94,1957,13444,5601,8625,13202,5842,1408
0308,Guimaraes,146959,157589,569.94,611.165,24.92,20.12,47.05,7.91,48.72,51.28,49.11,50.89,10630,7.23,45.86,1.84,46.76,7.65,72.17,20.17,2.74,73.77,23.49,47.35,36.50,3.92,12.239,15.98,30.94,9.20,4.38,2170,58401,18593,25176,48760,14499,6909
0309,Povoa de Lanhoso,21092,21516,159.8,163.012,27.50,17.94,41.43,13.13,48.17,51.83,47.3,52.7,424,2.01,41.54,1.68,55.52,30.68,47.26,22.06,15.90,51.14,32.97,56.78,28.64,2.14,12.451,20.50,26.39,10.27,2.56,1259,4050,2611,4411,5677,2210,551
0310,Terras de Bouro,10131,9406,36.684,34.059,23.09,18.15,42.14,16.62,48.54,51.46,48.34,51.66,-725,-7.16,32.25,3.02,50.35,54.85,22.77,22.38,25.57,30.57,43.86,55.65,29.97,2.28,12.106,22.01,26.20,10.31,2.99,700,837,1201,2070,2464,970,281
0311,Vieira do Minho,17931,15775,81.449,71.656,23.58,17.20,42.69,16.53,49.1,50.9,49.51,50.49,-2156,-12.02,33.69,3.49,45.09,49.96,28.36,21.67,22.46,35.63,41.92,55.57,30.91,2.51,11.006,19.77,25.62,9.41,2.58,1035,1642,1932,3118,4042,1485,407
0312,Vila Nova de Famalicao,106508,114338,527.659,566.45,23.31,19.85,48.79,8.06,49,51,49.13,50.87,7830,7.35,44.89,1.67,46.49,5.38,75.43,19.19,2.59,74.20,23.20,48.43,35.51,3.90,12.159,14.55,28.95,12.48,4.59,1488,42567,13312,16634,33101,14275,5243
0313,Vila Verde,44432,44056,195.563,193.908,25.85,18.43,42.63,13.10,47.33,52.67,47.43,52.57,-376,-0.85,41.65,1.54,50.00,40.38,38.72,20.90,24.10,45.98,29.92,56.17,29.17,2.22,12.445,20.38,25.92,10.77,2.61,3892,7427,4833,8980,11418,4744,1148
0401,Alfandega da Fe,7925,6734,24.615,20.916,17.63,14.76,47.48,20.14,50.04,49.96,49.91,50.09,-1191,-15.03,30.19,3.25,65.75,57.56,19.29,23.15,39.63,15.33,45.05,55.43,31.77,3.28,9.515,19.97,30.46,4.63,4.22,848,328,964,1345,2051,312,284
0402,Braganca,35380,33055,30.138,28.158,19.42,15.97,48.44,16.17,49.58,50.42,49.2,50.8,-2325,-6.57,37.34,1.95,60.40,36.13,18.38,45.49,24.77,15.76,59.47,50.60,32.40,7.19,9.804,18.17,23.44,4.55,5.84,2889,1838,6936,6006,7749,1505,1929
0403,Carrazeda de Ansiaes,11420,9235,40.654,32.875,19.97,13.94,46.32,19.77,48.62,51.38,48.49,51.51,-2185,-19.13,23.63,2.46,55.51,59.13,17.16,23.72,56.62,13.90,29.48,56.12,31.99,2.61,9.283,22.00,29.64,4.47,2.20,1483,364,772,2032,2737,413,203
0404,Freixo de Espada a Cinta,5717,4914,23.383,20.099,15.95,11.91,49.86,22.28,48.87,51.13,48.05,51.95,-803,-14.05,28.31,1.89,67.74,53.28,16.89,29.83,42.54,18.80,38.66,57.64,30.04,3.51,8.813,26.70,29.08,5.03,3.52,604,267,549,1312,1429,247,173
0405,Macedo de Cavaleiros,21608,18930,30.901,27.071,21.17,16.78,46.04,16.01,50.1,49.9,49.84,50.16,-2678,-12.39,22.53,1.64,49.03,62.79,15.74,21.46,37.68,19.45,42.88,54.38,31.97,3.31,10.334,20.44,27.34,5.40,3.78,2013,1039,2291,3870,5175,1022,715
0406,Miranda do Douro,9948,8697,20.37,17.809,16.08,14.03,50.03,19.87,49.87,50.13,49.29,50.71,-1251,-12.58,29.38,1.13,52.04,52.03,22.73,25.24,38.17,19.37,42.46,57.56,29.37,5.14,7.936,22.66,26.32,5.74,4.45,1086,551,1208,1971,2289,499,387
0407,Mirandela,28879,25209,43.859,38.285,20.97,15.59,47.82,15.62,49.36,50.64,49.15,50.85,-3670,-12.71,31.82,3.64,64.78,42.33,23.33,34.34,31.48,18.87,49.65,53.66,31.60,4.61,10.132,20.10,27.16,6.18,4.64,2660,1595,4196,5067,6847,1558,1169
0408,Mogadouro,15340,12188,20.238,16.08,18.28,14.34,47.48,19.90,50.59,49.41,49.99,50.01,-3152,-20.55,30.67,2.63,61.68,59.60,18.60,21.81,37.81,15.75,46.44,55.98,30.47,4.72,8.831,23.47,24.61,5.41,2.99,1568,653,1926,2861,2999,659,364
0409,Torre de Moncorvo,13674,10969,25.666,20.589,17.94,12.68,47.25,22.13,48.39,51.61,47.94,52.06,-2705,-19.78,29.03,2.17,66.39,55.59,17.76,26.66,44.16,15.70,40.14,54.64,32.31,5.33,7.720,23.76,29.43,4.27,3.96,1418,504,1289,2606,3228,468,434
0410,Vila Flor,9719,8828,36.604,33.248,19.53,17.08,46.52,20.27,49.13,50.87,48.74,51.26,-891,-9.17,24.60,2.72,69.17,50.28,23.30,26.42,43.86,20.08,36.06,53.78,32.85,3.67,9.700,20.46,28.78,6.98,3.17,1339,613,1101,1806,2541,616,280
0411,Vimioso,8500,6323,17.654,13.133,18.62,12.86,47.40,21.13,50.54,49.46,49.63,50.37,-2177,-25.61,35.25,3.38,44.86,61.85,14.94,23.21,32.51,14.01,53.48,58.12,29.38,3.18,9.319,27.30,27.22,6.31,2.25,594,256,977,1726,1721,399,142
0412,Vinhais,16142,12727,23.237,18.321,17.60,14.32,46.06,22.02,50.71,49.29,50.09,49.91,-3415,-21.16,29.99,1.59,67.33,66.99,12.03,20.98,59.91,9.55,30.54,58.59,29.48,2.11,9.817,24.88,24.79,7.44,1.96,2327,371,1186,3167,3155,947,250
0501,Belmonte,6465,7411,56.433,64.691,16.99,13.02,50.18,19.81,50.09,49.91,47.27,52.73,946,14.63,42.50,1.17,36.78,32.81,36.26,30.93,19.66,43.91,36.44,54.88,32.90,4.99,7.228,23.80,29.47,4.72,4.26,600,1340,1112,1764,2184,350,316
0502,Castelo Branco,54908,54310,38.132,37.717,16.46,14.03,50.16,19.35,47.6,52.4,47.63,52.37,-598,-1.09,40.01,1.98,63.10,18.90,36.33,44.77,9.52,35.74,54.74,52.73,32.23,7.80,7.240,19.73,26.63,5.42,6.99,2016,7567,11592,10717,14465,2945,3798
0503,Covilha,60945,53999,109.529,97.045,18.62,15.29,50.38,15.70,48.36,51.64,53.56,46.44,-6946,-11.40,42.47,3.25,57.70,15.23,53.67,31.10,6.25,54.43,39.32,50.66,34.29,6.45,8.603,18.54,27.63,6.93,5.81,1321,11507,8314,10009,14918,3741,3137
0504,Fundao,32089,31687,45.734,45.161,17.37,13.43,47.68,21.52,47.8,52.2,48.11,51.89,-402,-1.25,36.93,1.76,53.68,41.38,27.38,31.24,22.30,33.70,44.00,58.31,30.20,4.48,7.021,25.88,26.15,5.92,3.91,2429,3671,4792,8200,8285,1875,1238
0505,Idanha-a-Nova,16101,13630,11.397,9.648,12.07,9.58,43.15,35.20,47.39,52.61,47.18,52.82,-2471,-15.35,28.57,1.72,60.26,55.51,19.00,25.48,41.77,20.81,37.43,68.16,23.15,3.29,5.397,37.86,21.74,3.43,2.88,1367,681,1225,5160,2963,468,392
0506,Oleiros,10183,7767,21.874,16.685,15.10,10.09,48.67,26.14,49.38,50.62,48.51,51.49,-2416,-23.73,29.16,0.55,67.44,64.25,18.17,17.58,42.15,21.45,36.40,61.56,29.27,2.21,6.970,32.75,29.06,3.75,2.38,967,492,835,2544,2257,291,185
0507,Penamacor,9524,8115,17.144,14.608,12.67,10.93,44.78,31.62,47.4,52.6,48.47,51.53,-1409,-14.79,33.27,2.17,52.84,53.82,22.26,23.92,31.13,24.04,44.84,64.63,24.74,3.56,7.073,33.09,22.22,4.81,2.81,654,505,942,2685,1803,390,228
0508,Proenca-a-Nova,11953,11088,30.241,28.052,16.65,12.86,45.26,25.23,49.18,50.82,49.39,50.61,-865,-7.24,26.80,0.76,50.00,65.54,16.56,17.90,24.53,39.59,35.87,61.71,27.67,3.78,6.844,27.76,26.41,5.81,4.10,857,1383,1253,3078,2928,644,455
0509,Serta,21503,18199,47.454,40.163,17.16,14.29,47.12,21.42,48.93,51.07,48.82,51.18,-3304,-15.37,32.54,1.79,65.95,50.37,24.88,24.75,38.28,27.34,34.37,59.09,30.02,3.07,7.822,25.66,27.90,6.18,3.67,2526,1804,2268,4670,5077,1124,667
0510,Vila de Rei,4654,3687,24.333,19.277,14.24,8.82,46.08,30.87,47.19,52.81,46.62,53.38,-967,-20.78,39.74,2.28,72.62,60.90,19.25,19.85,40.68,26.89,32.43,61.90,30.45,1.61,6.037,23.05,27.15,6.08,2.03,478,316,381,850,1001,224,75
0511,Vila Velha de Rodao,5605,4960,16.989,15.034,11.15,11.65,44.96,32.24,48.64,51.36,48.04,51.96,-645,-11.51,29.65,2.42,71.67,27.23,45.71,27.05,15.98,43.24,40.78,60.61,29.49,3.56,6.347,24.05,27.40,3.79,3.51,221,598,564,1193,1359,188,174
0601,Arganil,15507,13926,46.69,41.929,17.61,12.04,46.26,24.09,47.1,52.9,47.49,52.51,-1581,-10.20,37.95,1.78,50.40,27.50,41.54,30.96,16.32,48.60,35.08,58.44,31.25,2.92,7.388,19.48,29.25,5.74,3.38,751,2236,1614,2713,4073,799,471
0602,Cantanhede,38717,37140,98.579,94.564,18.65,15.29,49.92,16.15,47.34,52.66,47.87,52.13,-1577,-4.07,43.89,1.60,55.14,54.85,23.22,21.93,35.71,25.57,38.73,55.83,31.77,3.54,8.862,16.86,27.79,8.90,3.44,5910,4232,6410,6262,10320,3305,1277
0603,Coimbra,138930,139052,438.5,438.885,17.85,16.65,52.57,12.93,46.98,53.02,46.85,53.15,122,0.09,45.12,2.93,59.12,3.92,33.09,62.99,2.37,26.27,71.36,44.42,34.87,11.56,9.155,10.98,22.89,5.26,8.64,1451,16096,43717,15263,31831,7309,12015
0604,Condeixa-a-Nova,13257,13027,93.915,92.285,16.11,14.11,50.11,19.67,46.56,53.44,46.25,53.75,-230,-1.73,39.84,2.08,72.32,30.68,31.51,37.81,11.95,34.93,53.11,58.85,29.77,4.00,7.389,17.67,28.48,5.38,5.60,597,1745,2653,2302,3710,701,730
0605,Figueira da Foz,58559,61555,154.334,162.23,17.90,15.03,51.60,15.47,47.58,52.42,47.76,52.24,2996,5.12,38.44,3.25,61.24,24.29,39.29,36.42,13.05,36.76,50.19,52.41,31.87,7.51,8.210,14.91,24.86,6.01,7.17,3134,8825,12050,9176,15304,3698,4411
0606,Gois,6434,5372,24.397,20.37,15.64,10.93,44.40,29.04,46.24,53.76,46.2,53.8,-1062,-16.51,31.97,1.53,81.71,45.67,32.19,22.13,18.32,41.88,39.80,62.06,28.47,2.47,7.005,24.14,28.22,4.65,3.03,255,583,554,1297,1516,250,163
0607,Lousa,13020,13447,93.561,96.63,18.17,15.59,48.80,17.45,47.49,52.51,47.91,52.09,427,3.28,36.90,2.97,65.75,10.42,55.53,34.04,4.75,47.56,47.70,52.14,35.02,4.25,8.591,13.44,29.63,6.93,5.24,237,2374,2381,1807,3985,932,705
0608,Mira,13299,13257,108.999,108.655,19.76,15.89,48.92,15.43,46.42,53.58,47.08,52.92,-42,-0.32,42.96,2.17,60.07,57.68,18.38,23.93,39.84,26.02,34.14,51.77,36.34,3.20,8.682,17.32,29.95,9.86,3.28,2373,1550,2034,2296,3970,1307,435
0609,Miranda do Corvo,12231,11674,96.322,91.936,18.60,15.08,49.02,17.30,49.06,50.94,49.47,50.53,-557,-4.55,35.65,1.46,66.08,24.39,36.24,39.37,10.87,36.18,52.94,56.89,31.28,3.10,8.730,17.00,28.76,7.37,4.39,486,1617,2366,1984,3358,860,513
0610,Montemor-o-Velho,27274,26375,119.298,115.366,18.12,14.81,50.03,17.05,48.16,51.84,48.31,51.69,-899,-3.30,33.52,2.45,68.01,38.56,31.15,30.29,21.87,34.66,43.47,58.02,30.40,3.88,7.699,20.88,25.95,8.22,4.29,2200,3486,4373,5508,6845,2168,1131
0611,Oliveira do Hospital,23554,22584,100.422,96.287,19.02,14.82,47.27,18.89,47.52,52.48,48.1,51.9,-970,-4.12,39.04,1.33,60.47,31.53,44.37,24.11,16.53,48.83,34.64,56.15,31.80,2.96,9.091,18.43,31.51,7.16,3.43,1427,4216,2991,4162,7117,1617,774
0612,Pampilhosa da Serra,7493,5797,18.898,14.621,15.15,10.76,45.02,29.07,45.6,54.4,46.14,53.86,-1696,-22.63,41.16,0.98,52.63,59.86,21.85,18.29,23.27,35.10,41.63,64.76,25.54,1.95,7.740,33.03,26.62,5.61,1.29,342,516,612,1915,1543,325,75
0613,Penacova,17351,16748,79.705,76.935,18.97,15.29,48.23,17.52,47.24,52.76,47.41,52.59,-603,-3.48,32.73,1.64,67.52,26.95,41.37,31.68,23.07,40.19,36.74,55.65,33.27,2.41,8.672,17.03,29.49,7.80,2.41,1432,2495,2281,2853,4939,1307,403
0614,Penela,8023,6919,60.556,52.223,15.39,13.28,46.50,24.83,46.33,53.67,47.88,52.12,-1104,-13.76,31.50,1.49,61.17,41.16,29.79,29.05,21.51,38.11,40.38,61.06,29.15,2.87,6.928,17.73,29.96,5.25,3.08,465,824,873,1227,2073,363,213
0615,Soure,22570,21704,85.522,82.24,16.03,13.83,50.14,20.00,47.5,52.5,48.15,51.85,-866,-3.84,32.26,1.89,65.85,35.94,28.84,35.22,16.13,33.83,50.04,59.10,29.02,4.58,7.306,22.23,26.09,4.38,5.14,1208,2533,3747,4824,5662,950,1116
0616,Tabua,13456,13101,67.364,65.587,19.30,13.85,44.75,22.11,47.12,52.88,48.06,51.94,-355,-2.64,38.09,1.05,56.52,37.98,38.26,23.76,24.92,41.59,33.50,59.60,29.42,2.08,8.896,19.75,33.26,5.30,3.18,1176,1963,1581,2588,4357,694,417
0617,Vila Nova de Poiares,6649,6161,79.325,73.503,19.28,15.48,46.60,18.63,46.59,53.41,47.3,52.7,-488,-7.34,34.83,1.36,61.90,25.76,31.07,43.17,12.08,37.14,50.78,56.43,32.32,2.71,8.542,15.94,31.81,7.26,3.80,272,836,1143,982,1960,447,234
0701,Alandroal,8124,7347,14.91,13.484,15.67,13.41,49.22,21.71,49.02,50.98,49.15,50.85,-777,-9.56,30.45,5.84,75.29,58.40,22.27,19.33,32.51,38.05,29.43,62.21,28.93,2.45,6.420,27.14,26.53,5.84,2.98,834,976,755,1994,1949,429,219
0702,Arraiolos,8883,8207,12.985,11.997,16.30,12.81,48.95,21.95,49.44,50.56,48.64,51.36,-676,-7.61,33.69,3.62,67.34,48.91,28.52,22.57,31.18,32.40,36.41,60.10,28.94,4.07,6.886,23.72,25.72,6.69,4.91,995,1034,1162,1947,2111,549,403
0703,Borba,8813,8254,60.728,56.876,16.83,14.68,51.01,17.48,49.5,50.5,49.61,50.39,-559,-6.34,33.20,2.82,69.53,55.57,16.63,27.80,20.18,44.96,34.87,59.20,27.77,5.13,7.910,24.63,23.25,5.86,5.39,680,1515,1175,2033,1919,484,445
0704,Estremoz,18073,15461,35.174,30.09,15.09,13.38,50.76,20.77,47.7,52.3,47.93,52.07,-2612,-14.45,34.11,3.56,80.58,41.51,17.74,40.75,25.36,27.01,47.63,57.76,29.80,5.77,6.667,25.03,25.23,5.08,5.98,1539,1639,2890,3870,3901,786,924
0705,Evora,51572,53754,39.421,41.089,19.09,14.29,51.29,15.33,48.03,51.97,47.8,52.2,2182,4.23,41.91,3.13,66.05,16.43,27.90,55.68,9.03,25.07,65.90,49.35,33.11,9.56,7.980,16.25,23.65,5.32,8.68,2110,5855,15394,8737,12712,2860,4664
0706,Montemor-o-Novo,20210,18632,16.403,15.122,16.93,12.36,50.86,19.85,49.62,50.38,49.33,50.67,-1578,-7.81,32.39,3.59,70.25,51.31,20.19,28.50,32.53,22.06,45.41,58.56,30.48,4.20,6.757,25.18,27.04,6.13,4.56,2323,1575,3243,4692,5038,1143,850
0707,Mora,7056,6588,15.911,14.856,17.37,11.79,47.66,23.18,49.63,50.37,48.98,51.02,-468,-6.63,32.99,3.52,76.72,51.78,20.94,27.28,35.07,24.46,40.47,59.64,30.65,3.58,6.132,25.20,27.58,4.27,4.28,826,576,953,1660,1817,281,282
0708,Mourao,3487,3273,12.519,11.751,19.83,13.11,46.10,20.96,49.15,50.85,49.59,50.41,-214,-6.14,25.34,4.34,84.51,45.78,23.85,30.37,28.45,19.30,52.24,62.32,27.17,2.92,7.589,29.42,25.66,5.65,4.19,311,211,571,963,840,185,137
0709,Portel,8306,7225,13.817,12.019,18.30,14.66,50.08,21.12,48.86,51.14,50.75,49.25,-1081,-13.01,29.14,11.24,73.89,65.80,14.10,20.09,41.45,22.59,35.97,60.78,29.53,2.38,7.311,28.69,28.51,6.93,3.58,1044,569,906,2073,2060,501,259
0710,Redondo,8444,7948,22.837,21.496,17.46,13.89,47.72,20.92,48.85,51.15,48.67,51.33,-496,-5.87,31.65,4.23,72.02,50.22,20.77,29.02,33.86,25.31,40.82,59.68,28.86,4.08,7.384,24.96,27.73,4.83,4.28,978,731,1179,1984,2204,384,340
0711,Reguengos de Monsaraz,11642,11401,25.242,24.719,17.57,13.36,49.64,19.44,48.76,51.24,48.56,51.44,-241,-2.07,35.23,2.84,67.28,39.15,28.08,32.78,32.29,23.89,43.82,58.65,29.62,4.60,7.133,24.55,26.19,4.94,4.70,1458,1079,1979,2799,2986,563,536
0712,Vendas Novas,10933,10476,49.135,47.081,15.93,15.38,52.75,15.94,49.48,50.52,48.97,51.03,-457,-4.18,34.66,4.34,70.55,27.09,40.07,32.83,15.88,34.80,49.32,52.83,33.52,5.40,8.257,18.87,28.30,6.05,6.17,675,1479,2096,1977,2965,634,646
0713,Viana do Alentejo,6188,5720,15.709,14.521,17.24,12.54,48.22,22.01,49.03,50.97,48.95,51.05,-468,-7.56,30.47,6.85,75.51,58.15,18.50,23.35,35.32,22.92,41.76,61.85,28.22,3.44,6.490,27.06,23.95,6.21,4.28,729,473,862,1548,1370,355,245
0714,Vila Vicosa,8546,9068,43.912,46.594,18.94,14.20,50.64,16.22,49.17,50.83,48.96,51.04,522,6.11,32.99,3.88,83.52,46.51,20.12,33.38,10.12,45.89,43.99,56.31,30.23,5.87,7.597,21.24,24.69,6.86,6.53,378,1715,1644,1926,2239,622,592
0801,Albufeira,17218,20949,122.191,148.669,19.54,14.61,51.95,13.91,50.04,49.96,49.21,50.79,3731,21.67,41.60,1.26,54.17,18.46,25.15,56.40,6.66,16.70,76.63,52.82,33.23,6.47,7.477,16.80,25.91,5.95,10.08,665,1667,7648,3520,5427,1246,2112
0802,Alcoutim,5262,4571,9.126,7.928,12.75,10.48,44.70,32.07,49.87,50.13,49.64,50.36,-691,-13.13,24.31,1.82,46.99,67.74,13.01,19.25,36.91,18.62,44.47,67.75,26.05,1.16,5.043,34.96,24.20,4.86,2.01,454,229,547,1598,1106,222,92
0803,Aljezur,5059,5006,15.631,15.468,13.56,10.43,50.68,25.33,51.49,48.51,50.26,49.74,-53,-1.05,31.11,1.92,46.88,54.87,23.06,22.07,40.58,19.24,40.18,69.00,24.11,1.97,4.918,28.67,24.29,5.89,5.39,711,337,704,1435,1216,295,270
0804,Castro Marim,7297,6803,24.337,22.69,15.24,13.61,48.30,22.84,49.84,50.16,49.64,50.36,-494,-6.77,29.94,3.20,58.72,42.98,29.05,27.98,23.14,28.73,48.12,62.80,27.78,2.61,6.816,27.46,25.00,6.07,4.00,555,689,1154,1868,1701,413,272
0805,Faro,45109,50761,224.076,252.152,18.95,15.34,51.98,13.74,48.26,51.74,48.07,51.93,5652,12.53,41.85,2.18,56.38,14.67,21.78,63.55,10.13,17.49,72.38,44.70,35.01,11.89,8.396,12.93,24.20,4.93,11.78,2262,3906,16162,6563,12286,2504,5980
0806,Lagoa,15635,16780,176.667,189.605,19.21,14.70,51.48,14.61,49.72,50.28,49.98,50.02,1145,7.32,38.61,2.23,54.28,14.12,44.49,41.39,7.14,27.86,64.99,52.62,32.69,6.10,8.586,14.89,27.33,4.76,8.49,528,2059,4803,2498,4586,798,1425
0807,Lagos,19700,21526,92.09,100.625,17.70,13.60,52.21,16.49,49.31,50.69,49.3,50.7,1826,9.27,39.89,2.93,57.37,14.74,32.98,52.28,7.00,23.65,69.35,51.66,32.22,8.12,8.000,17.51,25.70,5.34,10.13,649,2192,6428,3769,5532,1150,2180
0808,Loule,44051,46585,57.573,60.885,17.26,13.37,50.50,18.86,48.85,51.15,48.86,51.14,2534,5.75,36.76,1.74,55.67,25.71,30.67,43.62,12.64,23.71,63.65,55.79,31.85,5.12,7.249,18.35,27.68,4.91,7.30,2297,4309,11566,8548,12896,2289,3400
0809,Monchique,9609,7309,24.256,18.45,13.82,12.26,49.42,24.50,51.89,48.11,51.58,48.42,-2300,-23.94,26.35,1.05,45.45,56.79,16.21,27.00,36.37,19.49,44.14,61.06,29.21,3.09,6.635,29.35,27.58,4.68,4.88,1002,537,1216,2145,2016,342,357
0810,Olhao,34573,36812,272.615,290.27,19.72,15.53,49.14,15.61,49,51,49,51,2239,6.48,34.50,2.80,62.20,28.38,31.64,39.99,19.12,25.23,55.64,51.77,33.58,6.12,8.526,16.18,28.79,5.20,7.26,2723,3593,7923,5956,10599,1916,2673
0811,Portimao,34464,38833,192.166,216.527,18.35,14.58,52.05,15.02,48.83,51.17,48.69,51.31,4369,12.68,41.05,2.48,55.19,11.46,25.83,62.71,5.09,18.71,76.20,47.45,35.38,9.07,8.102,15.73,26.62,4.92,9.78,879,3231,13160,6110,10336,1912,3797
0812,Sao Bras de Alportel,7506,7526,50.023,50.157,15.75,13.85,48.51,21.90,47.96,52.04,48.94,51.06,20,0.27,31.73,1.91,52.78,18.79,35.52,45.68,8.95,31.66,59.39,51.68,36.85,4.63,6.840,15.00,32.67,4.48,6.15,244,863,1619,1129,2459,337,463
0813,Silves,31389,32924,46.245,48.507,16.79,12.72,50.11,20.38,50.1,49.9,50.13,49.87,1535,4.89,35.66,1.94,57.75,33.30,29.52,37.18,18.60,23.11,58.29,57.20,29.33,6.70,6.770,21.45,24.73,4.22,7.84,2500,3106,7835,7063,8142,1388,2582
0814,Tavira,24615,24857,40.283,40.679,16.58,13.51,49.70,20.21,49.91,50.09,49.78,50.22,242,0.98,31.21,2.49,70.81,45.64,21.87,32.49,25.94,24.30,49.76,57.63,30.69,4.46,7.212,22.22,27.28,5.40,6.18,2424,2270,4649,5523,6781,1343,1535
0815,Vila do Bispo,5700,5762,31.846,32.192,15.71,13.92,49.05,21.33,51.25,48.75,51.18,48.82,62,1.09,33.91,1.80,54.81,44.01,19.86,36.13,19.20,17.34,63.45,60.08,30.07,2.93,6.919,20.50,27.00,7.53,6.18,444,401,1467,1181,1556,434,356
0816,Vila Real de Santo Antonio,16347,14400,284.177,250.33,19.05,16.11,49.91,14.93,48.63,51.37,48.69,51.31,-1947,-11.91,35.59,2.39,59.01,17.27,30.55,52.18,10.76,27.14,62.11,49.07,34.97,7.02,8.948,16.82,32.17,5.82,7.51,608,1534,3511,2422,4632,838,1081
0901,Aguiar da Beira,7285,6725,35.767,33.017,21.22,15.02,43.00,20.76,47.82,52.18,48.48,51.52,-560,-7.69,34.36,0.64,55.81,67.48,16.85,15.67,55.06,19.15,25.78,58.83,30.15,1.70,9.317,26.22,27.33,6.72,1.92,1354,471,634,1763,1838,452,129
0902,Almeida,10524,10040,20.217,19.287,15.76,14.94,47.57,21.73,48.16,51.84,48.71,51.29,-484,-4.60,38.43,1.30,58.02,47.62,16.08,36.30,28.61,13.69,57.70,52.21,33.40,6.09,8.297,17.44,25.24,4.45,6.06,1041,498,2099,1751,2534,447,608
0903,Celorico da Beira,10269,8875,41.088,35.51,19.10,13.54,43.70,23.66,48.03,51.97,47.94,52.06,-1394,-13.57,33.91,1.88,68.86,53.91,20.95,25.13,33.91,23.01,43.08,58.47,30.54,2.84,8.149,23.48,31.74,3.66,3.31,977,663,1241,2084,2817,325,294
0904,Figueira de Castelo Rodrigo,9140,8105,17.972,15.937,16.25,12.02,46.39,25.34,47.36,52.64,47.38,52.62,-1035,-11.32,28.76,1.75,70.42,49.56,23.81,26.62,39.93,22.72,37.35,53.34,34.58,4.99,7.093,18.64,28.43,4.05,4.07,944,537,883,1511,2304,328,330
0905,Fornos de Algodres,6594,6270,49.493,47.061,17.94,13.83,44.45,23.78,48.62,51.38,49.3,50.7,-324,-4.91,0.00,1.56,64.29,56.35,20.62,23.03,35.99,26.45,37.56,57.84,30.20,3.13,8.822,23.59,28.88,5.17,3.30,800,588,835,1479,1811,324,207
0906,Gouveia,19045,17410,62.961,57.556,17.37,12.79,47.08,22.76,47.37,52.63,47.27,52.73,-1635,-8.58,0.00,1.79,56.91,33.63,43.38,22.99,17.20,45.67,37.14,54.55,33.14,4.54,7.769,18.37,31.50,4.64,3.58,998,2650,2155,3199,5485,807,624
0907,Guarda,40360,38765,56.221,53.999,18.91,14.99,48.93,17.18,48.08,51.92,47.6,52.4,-1595,-3.95,40.68,1.60,57.84,28.77,31.02,40.21,12.41,32.70,54.89,49.19,34.31,8.35,8.146,16.63,27.27,5.00,6.39,1857,4892,8212,6448,10570,1938,2477
0908,Manteigas,4493,4192,41.376,38.604,19.80,13.81,49.79,23.12,47.72,52.28,48.57,51.43,-301,-6.70,38.35,3.24,63.24,13.59,58.02,28.38,8.63,55.55,35.82,50.01,36.90,5.20,7.888,17.72,33.35,6.46,4.46,133,856,552,743,1398,271,187
0909,Meda,8964,7440,31.353,26.022,17.80,13.58,46.02,22.61,47.3,52.7,47.38,52.62,-1524,-17.00,33.24,1.55,68.70,61.67,19.06,19.27,50.67,17.31,32.02,55.57,32.42,3.11,8.897,21.72,30.39,4.21,2.57,1250,427,790,1616,2261,313,191
0910,Pinhel,14328,12693,29.472,26.109,17.00,14.45,47.34,21.21,48.27,51.73,48.18,51.82,-1635,-11.41,42.47,1.39,67.23,63.69,17.05,19.26,40.53,22.01,37.46,54.78,32.88,3.91,8.430,20.55,30.21,5.22,3.54,2044,1110,1889,2608,3835,663,449
0911,Sabugal,18927,16919,22.895,20.466,14.07,11.34,44.26,30.34,47.78,52.22,47.51,52.49,-2008,-10.61,35.57,0.99,54.76,64.21,17.80,17.98,43.29,26.31,30.39,61.22,28.10,4.29,6.390,27.45,25.20,4.26,3.35,2450,1489,1720,4644,4264,720,566
0912,Seia,31352,30362,71.921,69.65,20.03,14.98,47.74,17.45,47.66,52.34,48.21,51.79,-990,-3.16,0.00,2.85,60.97,24.33,53.35,22.32,11.61,54.23,34.15,53.91,33.49,3.70,8.900,16.85,29.74,5.88,3.90,1236,5772,3635,5116,9029,1784,1183
0913,Trancoso,13099,11484,35.933,31.503,19.29,13.43,45.44,21.85,47.77,52.23,47.47,52.53,-1615,-12.33,36.46,1.18,55.88,63.67,15.37,20.97,43.65,16.73,39.62,57.83,30.48,3.07,8.621,24.47,30.00,3.91,3.53,1712,656,1554,2810,3445,449,405
0914,Vila Nova de Foz Coa,11251,8885,28.42,22.444,16.98,13.56,46.31,23.14,48.43,51.57,47.78,52.22,-2366,-21.03,27.55,1.36,60.33,51.34,22.02,26.64,40.96,19.36,39.68,56.29,30.42,4.93,8.352,22.67,27.91,3.73,3.60,1060,501,1027,2014,2480,331,320
1001,Alcobaca,52347,54382,125.517,130.397,19.25,15.68,51.09,13.98,49.62,50.38,49.37,50.63,2035,3.89,39.12,1.39,56.03,21.41,51.75,26.85,11.28,56.07,32.64,50.19,36.67,4.86,8.273,17.13,30.50,7.17,5.20,2718,13509,7864,9316,16588,3901,2826
1002,Alvaiazere,10510,9306,65.28,57.801,16.45,12.20,46.24,25.11,46.58,53.42,46.74,53.26,-1204,-11.46,35.75,1.29,60.83,54.01,24.24,21.75,28.81,37.55,33.64,60.88,28.89,3.29,6.946,24.16,27.97,5.07,3.13,863,1125,1008,2248,2603,472,291
1003,Ansiao,15446,14029,85.821,77.948,17.36,15.33,48.22,19.10,47.78,52.22,48.19,51.81,-1417,-9.17,31.41,1.77,58.63,36.35,36.47,27.18,18.30,46.29,35.41,57.45,30.94,3.35,8.261,20.63,28.41,6.99,3.85,919,2324,1778,2894,3986,980,540
1004,Batalha,12588,13329,121.553,128.708,19.98,15.82,50.16,14.05,49.05,50.95,49.2,50.8,741,5.89,36.24,0.74,66.33,24.90,46.68,28.43,10.91,54.30,34.79,51.92,35.17,4.09,8.823,17.44,25.54,8.98,3.98,616,3065,1964,2324,3404,1197,531
1005,Bombarral,13758,12727,152.123,140.723,17.95,14.12,49.49,18.44,49.8,50.2,49.08,50.92,-1031,-7.49,33.31,2.92,71.70,44.99,23.38,31.63,30.94,26.80,42.26,54.14,33.26,4.01,8.596,17.39,29.42,6.11,4.61,1563,1354,2135,2213,3744,777,587
1006,Caldas da Rainha,41018,43205,160.308,168.855,18.60,14.61,51.80,14.99,48.7,51.3,48.44,51.56,2187,5.33,39.26,2.15,62.82,25.30,34.92,39.79,14.48,37.54,47.98,49.69,35.00,7.12,8.187,17.10,26.85,6.05,7.62,2734,7086,9057,7388,11600,2616,3294
1007,Castanheira de Pera,5137,4442,76.832,66.437,17.00,13.22,48.96,20.82,47.65,52.35,47.46,52.54,-695,-13.53,40.49,3.06,62.50,7.65,71.46,20.89,5.24,63.84,30.92,56.49,32.48,3.51,7.524,17.60,30.80,4.89,4.55,81,987,478,782,1368,217,202
1008,Figueiro dos Vinhos,8754,8012,50.91,46.595,16.98,12.94,48.45,21.63,47.66,52.34,47.87,52.13,-742,-8.48,33.17,2.25,63.89,46.01,29.86,24.13,20.11,37.25,42.64,57.76,30.57,3.90,7.775,21.66,29.68,4.99,4.06,533,987,1130,1735,2378,400,325
1009,Leiria,96517,102762,170.929,181.989,21.31,16.74,50.68,11.27,48.89,51.11,48.68,51.32,6245,6.47,37.96,1.57,66.79,15.20,48.06,36.74,6.15,46.26,47.59,49.33,33.93,6.72,10.030,14.55,24.48,7.55,6.92,2697,20278,20862,14947,25157,7763,7106
1010,Marinha Grande,31284,32234,172.487,177.725,18.25,16.73,53.71,11.31,49,51,48.74,51.26,950,3.04,39.59,2.35,69.48,1.95,71.09,26.96,0.93,63.16,35.90,47.23,35.89,7.71,9.170,12.50,25.94,5.48,8.30,131,8874,5044,4028,8363,1765,2674
1011,Nazare,15436,15313,191.775,190.247,20.24,15.78,50.33,13.65,48.59,51.41,48.72,51.28,-123,-0.80,39.46,2.33,52.10,26.69,31.94,41.38,14.32,37.65,48.03,51.52,35.14,4.77,8.575,16.87,27.92,9.29,5.54,931,2447,3122,2584,4275,1423,849
1012,Obidos,10538,11188,74.123,78.695,18.34,15.30,49.54,16.82,50.28,49.72,50.15,49.85,650,6.17,32.71,1.16,68.46,51.69,23.15,25.16,32.40,33.72,33.87,56.95,31.96,2.72,8.366,19.71,29.50,8.11,3.75,1496,1557,1564,2205,3300,907,420
1013,Pedrogao Grande,5342,4643,41.543,36.107,14.09,10.02,47.90,28.00,51.18,48.82,47.17,52.83,-699,-13.08,33.87,1.27,59.32,54.61,23.88,21.52,27.11,28.07,44.82,64.13,27.30,2.45,6.115,26.60,28.13,4.57,3.55,369,382,610,1235,1306,212,165
1014,Peniche,25627,25880,331.055,334.324,20.94,15.92,50.52,12.62,49.75,50.25,49.14,50.86,253,0.99,34.30,2.92,62.78,38.94,30.60,30.45,27.02,30.22,42.75,52.79,32.97,5.04,9.201,17.38,27.13,7.67,5.29,2704,3024,4278,4497,7020,1984,1368
1015,Pombal,53727,51357,85.777,81.993,19.27,15.43,49.40,15.90,48.03,51.97,48.38,51.62,-2370,-4.41,33.48,1.17,62.44,47.83,30.41,21.77,21.49,40.25,38.26,58.63,29.30,3.13,8.941,24.54,25.07,7.01,3.63,3924,7350,6987,12601,12877,3601,1862
1016,Porto de Mos,21700,23343,81.924,88.127,20.08,15.74,50.06,14.13,49.05,50.95,48.68,51.32,1643,7.57,38.10,1.22,57.39,22.75,51.59,25.65,10.89,56.53,32.57,52.46,34.24,4.58,8.726,16.25,29.06,7.85,4.79,1120,5812,3349,3794,6783,1833,1117
1101,Alenquer,34575,34098,114.43,112.851,17.79,14.36,51.85,16.00,49.79,50.21,49.24,50.76,-477,-1.38,32.95,2.31,68.45,32.63,39.29,28.08,15.70,42.52,41.78,54.97,33.45,3.76,7.818,19.60,28.19,6.38,5.22,2128,5762,5662,6682,9612,2175,1781
1102,Arruda dos Vinhos,8875,9364,114.202,120.495,17.06,14.40,54.09,14.46,50.29,49.71,49.84,50.16,489,5.51,31.18,2.14,67.00,26.91,38.60,34.49,15.09,30.50,54.40,53.85,34.76,3.75,7.638,20.18,30.31,7.42,5.00,576,1164,2076,1890,2838,695,468
1103,Azambuja,19768,19568,75.551,74.787,18.28,14.88,50.60,16.25,49.27,50.73,48.68,51.32,-200,-1.01,34.79,3.34,65.44,34.54,35.35,30.10,17.90,34.71,47.39,54.22,32.93,4.53,8.326,17.59,27.79,5.22,5.85,1327,2574,3514,3442,5437,1022,1144
1104,Cadaval,14474,13516,83.102,77.601,16.97,13.50,49.60,19.93,49.9,50.1,49.19,50.81,-958,-6.62,30.00,2.12,73.08,53.09,20.64,26.27,31.20,27.34,41.46,57.43,31.88,3.10,7.595,19.49,29.79,5.41,4.20,1454,1274,1932,2634,4027,731,568
1105,Cascais,141498,153294,1457.75,1579.276,18.34,15.97,54.14,11.56,47.97,52.03,47.92,52.08,11796,8.34,44.22,3.37,57.76,1.80,30.62,67.57,0.76,24.20,75.05,39.37,34.97,15.94,9.718,8.92,21.13,4.51,12.95,529,16911,52450,13679,32397,6906,19845
1106,Lisboa,807937,663394,9636.423,7912.43,14.22,14.94,52.07,18.78,45.83,54.17,45.65,54.35,-144543,-17.89,46.01,3.32,54.99,0.51,25.42,74.07,0.39,20.07,79.54,37.26,39.49,15.56,7.675,8.51,25.45,4.19,11.11,1097,56423,223558,56442,168856,27770,73734
1107,Loures,276467,322158,1419.716,1654.349,20.10,16.64,55.09,8.17,49.27,50.73,48.85,51.15,45691,16.53,42.52,3.14,60.37,2.03,39.20,58.76,0.94,29.38,69.68,40.84,39.32,9.89,9.950,10.29,27.12,5.56,10.09,1446,45039,106834,33141,87365,17916,32498
1108,Lourinha,21245,21596,145.446,147.849,21.12,14.72,49.54,14.61,50.18,49.82,49.62,50.38,351,1.65,30.61,1.99,72.09,53.55,22.83,23.62,40.87,24.79,34.34,57.61,31.00,2.93,8.456,18.56,26.65,8.01,4.02,3315,2011,2786,4008,5755,1730,868
1109,Mafra,43899,43731,150.993,150.415,18.77,14.91,51.95,14.37,49.77,50.23,49.09,50.91,-168,-0.38,34.72,1.95,67.45,27.87,33.73,38.40,13.51,36.21,50.28,51.94,35.27,4.58,8.212,15.25,29.39,7.48,5.77,2412,6462,8974,6669,12853,3270,2525
1110,Oeiras,149328,151342,3257.592,3301.527,18.32,16.47,54.75,10.46,48.14,51.86,47.74,52.26,2014,1.35,45.54,3.41,56.74,1.01,29.02,69.97,0.51,22.64,76.85,37.89,32.80,18.86,10.444,7.33,18.69,4.08,13.83,359,15815,53694,11092,28282,6168,20925
1111,Sintra,226428,260951,716.431,825.664,19.51,16.29,55.00,9.21,48.89,51.11,48.68,51.32,34523,15.25,42.77,3.39,63.58,3.58,40.37,56.05,1.51,32.97,65.52,39.93,38.04,12.17,9.864,10.11,24.83,5.67,11.84,1887,41076,81627,26375,64791,14790,30884
1112,Sobral de Monte Agraco,7863,7245,151.354,139.458,18.05,13.98,51.36,16.61,49.71,50.29,48.85,51.15,-618,-7.86,31.78,1.68,61.48,29.79,32.90,37.31,14.93,33.73,51.34,56.56,32.16,3.53,7.751,18.54,31.79,5.89,4.98,413,933,1420,1343,2303,427,361
1113,Torres Vedras,65039,67185,160.238,165.525,18.81,15.59,51.21,14.40,50.15,49.85,49.47,50.53,2146,3.30,35.99,2.19,67.62,27.90,36.47,35.63,19.05,33.89,47.06,53.73,32.12,5.19,8.964,17.58,26.15,6.35,6.23,5383,9574,13294,11814,17568,4264,4188
1114,Vila Franca de Xira,88193,103571,300.095,352.421,21.14,15.46,54.46,8.95,49.55,50.45,49.17,50.83,15378,17.44,39.67,4.37,65.03,3.36,57.37,39.28,1.61,41.20,57.19,43.48,37.65,9.70,9.171,11.92,26.13,5.67,9.97,742,18987,26359,12343,27058,5874,10322
1115,Amadora,163878,177167,6895.481,7454.641,19.35,16.16,55.85,8.65,48.82,51.18,48.37,51.63,13289,8.11,43.35,3.43,58.32,0.49,38.18,61.33,0.23,28.02,71.75,40.41,38.66,10.99,9.941,9.68,25.18,5.02,10.80,194,23586,60392,17145,44607,8898,19133
1201,Alter do Chao,4963,4441,13.724,12.281,14.10,11.28,46.72,27.90,48.58,51.42,47.71,52.29,-522,-10.52,34.28,2.81,68.80,51.86,15.98,32.16,22.54,21.23,56.24,60.30,29.97,3.86,5.880,26.28,26.98,5.92,4.62,309,291,771,1167,1198,263,205
1202,Arronches,4307,3677,13.694,11.691,13.92,12.10,47.24,26.73,49.43,50.57,49.69,50.31,-630,-14.63,29.90,1.93,61.97,49.41,16.10,34.50,32.68,15.69,51.63,61.35,29.54,2.92,6.191,32.06,25.16,6.53,3.67,400,192,632,1179,925,240,135
1203,Avis,5890,5686,9.727,9.39,16.02,12.05,47.89,24.04,48.85,51.15,48.49,51.51,-204,-3.46,36.48,3.83,69.27,55.17,22.24,22.59,36.29,26.27,37.44,59.17,29.96,3.53,7.339,28.47,26.96,4.71,4.38,757,548,781,1619,1533,268,249
1204,Campo Maior,8549,8535,34.576,34.52,19.53,14.99,47.86,17.62,49.37,50.63,49.03,50.97,-14,-0.16,31.26,4.31,64.67,36.61,30.32,33.07,22.29,28.96,48.75,57.54,29.83,4.58,8.050,23.82,26.28,6.07,5.64,641,833,1402,2033,2243,518,481
1205,Castelo de Vide,4187,4145,15.81,15.652,14.07,11.56,44.78,29.60,47.6,52.4,47.53,52.47,-42,-1.00,36.35,2.56,75.47,34.60,25.42,39.97,17.89,23.83,58.27,61.27,28.86,3.70,6.171,29.60,27.19,5.57,4.78,253,337,824,1227,1127,231,198
1206,Crato,5642,5064,14.54,13.051,13.25,11.41,46.98,28.36,48.69,51.31,48.05,51.95,-578,-10.24,32.85,4.40,74.44,36.03,27.13,36.84,23.04,25.67,51.29,61.37,28.95,3.30,6.378,24.57,27.67,6.26,3.42,385,429,857,1244,1401,317,173
1207,Elvas,24981,24474,39.587,38.784,19.16,14.93,49.44,16.48,48.93,51.07,49.09,50.91,-507,-2.03,35.52,2.52,59.48,29.42,18.24,52.34,16.24,19.13,64.63,51.01,33.03,7.49,8.468,20.08,25.85,6.50,7.82,1544,1819,6144,4915,6327,1592,1914
1208,Fronteira,4452,4122,18.156,16.811,16.76,12.83,48.08,22.32,47.98,52.02,47.77,52.23,-330,-7.41,32.42,5.99,76.11,52.01,15.40,32.59,36.50,15.72,47.78,60.73,28.11,3.66,7.490,25.08,26.06,7.40,5.14,518,223,678,1034,1074,305,212
1209,Gaviao,6850,5920,23.335,20.167,11.13,11.37,45.30,32.20,48.69,51.31,48.06,51.94,-930,-13.58,26.53,3.56,82.94,41.73,21.98,36.28,28.87,24.76,46.37,64.48,25.48,3.79,6.260,30.90,25.95,5.35,3.97,457,392,734,1829,1536,317,235
1210,Marvao,5418,4419,34.99,28.538,13.26,12.15,47.14,27.45,48.5,51.5,48.34,51.66,-999,-18.44,26.24,1.81,67.50,38.57,32.36,29.08,26.17,28.94,44.89,60.16,30.90,3.03,5.905,27.18,26.84,11.11,4.39,369,408,633,1201,1186,491,194
1211,Monforte,4281,3759,10.201,8.957,15.62,13.25,47.03,24.10,46.55,53.45,45.52,54.48,-522,-12.19,32.07,3.96,82.55,55.81,15.82,28.37,38.05,13.41,48.55,64.79,25.23,3.51,6.469,33.92,20.56,7.42,3.56,471,166,601,1275,773,279,134
1212,Nisa,10734,9864,18.702,17.187,11.80,10.57,45.46,32.17,47.16,52.84,47.86,52.14,-870,-8.11,29.66,1.42,72.14,36.13,29.34,34.53,19.53,29.30,51.17,61.04,29.43,4.10,5.432,27.55,28.07,4.62,3.96,592,888,1551,2718,2769,456,391
1213,Ponte de Sor,18079,17802,21.509,21.179,17.56,12.86,50.03,19.54,48.78,51.22,48.29,51.71,-277,-1.53,32.28,4.63,76.33,39.55,26.36,34.10,25.17,29.91,44.91,59.70,28.80,4.12,7.378,25.82,26.30,6.39,3.93,1620,1925,2890,4596,4682,1138,700
1214,Portalegre,27313,26111,61.207,58.513,17.63,14.27,50.81,17.29,48.65,51.35,13.83,86.17,-1202,-4.40,38.24,2.79,70.23,19.28,32.53,48.19,10.35,27.58,62.06,50.04,33.40,8.92,7.639,18.56,26.41,5.38,8.48,1089,2901,6527,4847,6895,1405,2214
1215,Sousel,7259,6150,26.023,22.048,15.01,13.07,49.01,22.91,48.06,51.94,47.41,52.59,-1109,-15.28,33.10,5.28,72.31,60.31,12.34,27.35,40.24,18.71,41.04,63.66,26.48,3.14,6.723,28.59,26.31,5.11,4.24,856,398,873,1758,1618,314,261
1301,Amarante,54159,56092,180.982,187.442,25.06,19.23,45.25,10.46,48.76,51.24,48.88,51.12,1933,3.57,32.61,2.21,51.90,31.62,43.42,24.97,13.49,53.27,33.25,52.83,32.75,2.65,11.766,20.78,32.12,8.00,3.18,2782,10989,6859,11657,18015,4485,1785
1302,Baiao,24438,22456,139.081,127.801,23.34,17.93,44.08,14.65,47.91,52.09,48.33,51.67,-1982,-8.11,28.47,1.59,50.14,44.93,31.71,23.36,22.76,46.26,30.98,58.66,28.98,1.28,11.075,24.35,28.62,7.17,1.83,1708,3472,2325,5468,6426,1610,412
1303,Felgueiras,48015,51248,403.182,430.33,26.14,20.35,45.36,8.16,48.96,51.04,48.86,51.14,3233,6.73,42.31,1.28,49.85,18.85,63.08,18.07,6.76,73.12,20.12,50.20,35.66,2.18,11.959,17.74,34.73,10.39,2.57,1656,17923,4933,9089,17796,5327,1318
1304,Gondomar,130751,143178,981.172,1074.426,20.91,17.77,52.58,8.74,49.3,50.7,49.18,50.82,12427,9.50,39.00,2.62,57.37,2.85,53.93,43.22,1.31,44.35,54.34,43.20,39.93,6.38,10.493,12.31,29.72,7.93,6.93,858,29085,35636,17621,42547,11350,9920
1305,Lousada,37904,42502,377.756,423.58,26.54,20.73,45.29,7.44,49.39,50.61,49.24,50.76,4598,12.13,41.22,1.12,45.19,14.71,62.82,22.47,5.71,71.41,22.88,50.21,35.81,1.75,12.228,18.13,32.72,12.10,2.20,1160,14512,4649,7704,13908,5144,934
1306,Maia,81679,93151,975.854,1112.915,21.26,17.35,52.44,8.95,48.95,51.05,48.84,51.16,11472,14.05,42.87,2.38,56.80,3.19,63.76,33.05,1.67,55.67,42.66,44.45,39.08,6.06,10.406,11.71,30.47,7.06,7.07,754,25135,19264,10906,28384,6576,6586
1307,Marco de Canaveses,46131,48133,228.349,238.259,25.22,20.71,44.20,9.87,48.44,51.56,49.06,50.94,2002,4.34,33.07,1.90,58.21,33.95,42.52,23.54,12.55,59.58,27.88,53.72,31.80,1.82,12.656,17.00,29.11,11.55,2.08,2404,11415,5341,8185,14010,5561,999
1308,Matosinhos,136498,151682,2190.979,2434.703,20.64,16.49,53.87,9.01,48.77,51.23,48.53,51.47,15184,11.12,42.40,3.58,55.58,3.80,55.11,41.09,1.98,45.17,52.86,42.45,40.12,7.58,9.857,11.01,29.08,6.47,7.78,1398,31962,37403,16704,44103,9811,11795
1309,Pacos de Ferreira,40687,44190,560.041,608.259,25.35,21.01,46.95,6.70,49.94,50.06,49.76,50.24,3503,8.61,39.22,1.18,55.56,8.44,72.66,18.90,2.87,70.23,26.90,48.87,36.65,2.06,12.411,14.54,35.13,13.08,2.65,627,15326,5870,6427,15524,5780,1173
1310,Paredes,67693,72999,432.377,466.269,26.00,21.32,45.70,6.98,50.04,49.96,49.95,50.05,5306,7.84,34.27,1.84,61.60,11.76,63.06,25.18,4.13,62.02,33.85,50.63,33.93,1.97,13.467,14.97,31.67,11.91,2.68,1320,19813,10812,10926,23119,8693,1955
1311,Penafiel,64267,68444,301.978,321.605,26.16,20.56,44.61,8.67,49.49,50.51,49.4,50.6,4177,6.50,35.32,1.86,50.47,26.08,42.13,31.79,8.03,57.89,34.07,51.29,33.61,2.40,12.691,16.54,30.10,11.46,2.59,2304,16601,9771,11324,20603,7843,1771
1312,Porto,327368,302472,7858.089,7260.49,16.95,16.49,51.75,14.81,45.51,54.49,45.6,54.4,-24896,-7.60,46.37,3.29,54.16,0.43,32.84,66.73,0.30,29.25,70.45,37.32,39.97,13.95,8.756,8.83,26.22,5.29,9.84,404,39097,94165,26695,79306,16015,29766
1313,Povoa de Varzim,54248,54788,662.045,668.636,23.83,19.31,47.52,9.34,47.85,52.15,47.89,52.11,540,1.00,43.68,2.33,56.86,26.30,42.39,31.31,15.49,47.17,37.34,47.82,35.16,5.25,11.764,13.05,27.27,11.71,5.11,3872,11789,9332,7150,14939,6416,2797
1314,Santo Tirso,93482,102593,451.517,495.523,22.28,18.22,50.26,9.25,48.82,51.18,48.76,51.24,9111,9.75,44.64,2.34,51.81,5.58,75.51,18.91,2.52,73.29,24.19,46.84,38.39,4.21,10.552,14.36,32.75,10.08,4.58,1308,38030,12551,14732,33595,10341,4696
1315,Valongo,64234,74172,880.038,1016.194,22.20,18.79,51.87,7.14,48.72,51.28,48.85,51.15,9938,15.47,40.65,3.20,60.00,2.57,57.47,39.96,1.03,50.71,48.26,42.80,39.94,5.78,11.492,11.90,30.70,8.87,6.40,357,17546,16696,8823,22768,6581,4746
1316,Vila do Conde,64402,64836,431.331,434.237,22.32,18.72,49.48,9.48,49.01,50.99,48.96,51.04,434,0.67,41.62,2.04,52.61,17.90,59.77,22.33,11.71,60.18,28.11,47.33,37.27,4.15,11.241,12.65,31.07,12.41,4.47,3634,18668,8719,8199,20144,8047,2899
1317,Vila Nova de Gaia,226331,248565,1324.968,1455.128,20.22,17.55,52.61,9.63,48.3,51.7,48.56,51.44,22234,9.82,41.34,2.76,56.24,2.49,53.98,43.54,1.39,48.93,49.68,43.66,39.18,6.81,10.352,11.61,29.86,7.14,7.07,1611,56729,57609,28863,74213,17759,17580
1401,Abrantes,48653,45697,69.469,65.248,16.21,14.76,49.97,19.07,48.48,51.52,48.78,51.22,-2956,-6.08,32.51,3.03,69.68,17.62,44.63,37.75,10.26,38.48,51.26,52.56,32.42,7.01,8.013,17.45,26.07,5.77,6.52,1728,6477,8629,7973,11914,2636,2981
1402,Alcanena,14287,14373,112.202,112.877,19.01,14.16,50.11,16.73,48.46,51.54,48.45,51.55,86,0.60,39.03,1.29,67.03,10.16,64.20,25.65,4.60,64.22,31.18,51.55,34.76,5.80,7.888,13.99,28.46,6.62,5.91,290,4049,1966,2011,4090,951,850
1403,Almeirim,21154,21380,95.379,96.397,17.35,14.69,52.30,15.66,48.7,51.3,48.23,51.77,226,1.07,39.30,2.85,64.70,41.87,28.51,29.62,29.23,29.51,41.26,55.46,32.35,4.41,7.785,21.45,28.30,5.75,5.26,2763,2790,3901,4586,6050,1230,1124
1404,Alpiarca,8120,7711,85.981,81.65,15.77,12.94,51.25,20.04,47.91,52.09,48.01,51.99,-409,-5.04,39.28,2.48,69.63,47.21,24.19,28.60,36.74,27.48,35.78,56.80,32.81,4.14,6.252,22.66,30.71,4.01,4.56,1186,887,1155,1747,2368,309,352
1405,Benavente,16306,18335,31.27,35.161,18.99,15.46,53.12,12.43,49.57,50.43,49.39,50.61,2029,12.44,37.64,3.53,71.91,32.55,36.75,30.70,20.43,33.78,45.79,51.95,34.63,5.26,8.170,18.67,27.50,6.91,5.91,1690,2795,3788,3424,5042,1267,1084
1406,Cartaxo,22581,22268,142.768,140.789,17.72,14.94,51.10,16.25,49.01,50.99,48.9,51.1,-313,-1.39,35.79,2.89,63.04,24.60,39.35,36.05,16.29,35.73,47.98,51.33,34.58,5.59,8.502,15.07,27.65,6.31,6.40,1452,3184,4276,3356,6158,1406,1426
1407,Chamusca,13135,12282,17.618,16.474,17.33,12.85,51.34,18.49,48.99,51.01,48.52,51.48,-853,-6.49,36.01,3.18,68.80,46.40,29.20,24.40,40.76,26.21,33.03,58.47,31.61,2.64,7.286,21.96,31.15,6.24,3.55,2079,1337,1685,2697,3826,767,436
1408,Constancia,3949,4170,49.339,52.1,19.16,14.94,50.36,15.54,48.06,51.94,48.3,51.7,221,5.60,28.68,3.98,75.90,11.73,52.18,36.10,6.62,38.27,55.11,48.38,37.59,5.30,8.728,15.44,30.46,6.45,6.62,94,543,782,644,1270,269,276
1409,Coruche,25278,23634,22.709,21.232,15.22,13.46,52.78,18.54,49.39,50.61,48.76,51.24,-1644,-6.50,35.20,5.73,80.59,46.05,27.35,26.60,37.59,25.76,36.65,59.35,30.29,3.65,6.710,28.44,25.98,6.16,4.05,3698,2535,3606,6722,6139,1457,957
1410,Entroncamento,11976,14226,874.161,1038.394,17.79,14.25,55.99,11.97,48.25,51.75,48.76,51.24,2250,18.79,34.50,3.35,71.49,1.76,17.35,80.89,0.51,13.92,85.57,38.51,40.18,13.35,7.952,9.10,26.73,4.67,11.22,29,785,4826,1294,3802,665,1596
1411,Ferreira do Zezere,11099,9954,60.229,54.016,17.40,12.90,45.58,24.12,47.19,52.81,47.45,52.55,-1145,-10.32,30.19,1.16,60.00,46.02,33.54,20.44,22.22,44.87,32.92,61.96,28.63,2.18,7.233,22.30,30.38,6.61,2.91,716,1446,1061,2220,3024,658,290
1412,Golega,5963,6072,77.968,79.393,17.42,13.55,49.75,19.27,47.69,52.31,47.28,52.72,109,1.83,35.09,4.74,74.65,34.01,30.60,35.39,20.27,28.75,50.98,55.95,32.07,4.78,7.191,18.92,25.18,5.29,6.21,454,644,1142,1149,1529,321,377
1413,Macao,12234,10060,30.522,25.098,12.21,11.53,45.21,31.05,48.1,51.9,48.23,51.77,-2174,-17.77,33.66,2.55,67.32,41.23,31.78,26.99,26.29,36.17,37.53,59.46,29.55,4.86,6.128,23.26,27.08,5.72,4.27,889,1223,1269,2340,2724,575,430
1414,Rio Maior,19894,20119,73.094,73.92,18.87,15.47,50.02,15.64,49.24,50.76,48.96,51.04,225,1.13,33.63,1.68,53.85,37.48,33.22,29.30,20.12,40.81,39.07,54.79,32.78,4.09,8.337,17.82,27.31,7.05,5.00,1590,3226,3088,3586,5495,1419,1005
1415,Salvaterra de Magos,18962,18979,77.479,77.549,18.32,15.53,51.86,14.29,49.02,50.98,48.92,51.08,17,0.09,38.58,3.99,76.09,34.68,39.60,25.72,27.94,37.28,34.78,57.12,30.53,3.59,8.753,24.59,25.57,7.83,4.42,2274,3034,2831,4667,4852,1486,839
1416,Santarem,62896,62621,112.659,112.166,17.53,14.16,50.48,17.83,48.29,51.71,48,52,-275,-0.44,38.39,2.37,62.93,19.15,31.36,49.49,9.61,32.97,57.42,50.91,33.60,7.74,7.751,15.23,25.95,5.80,7.54,2445,8390,14612,9539,16252,3635,4719
1417,Sardoal,5022,4430,54.62,48.182,16.91,12.42,45.96,24.72,47.99,52.01,48.56,51.44,-592,-11.79,29.84,2.33,72.82,17.73,50.00,32.27,10.18,44.20,45.62,57.85,30.51,4.49,7.156,17.18,29.46,7.86,5.06,144,625,645,761,1305,348,224
1418,Tomar,45672,43139,130.316,123.089,17.72,14.95,49.80,17.53,47.56,52.44,47.68,52.32,-2533,-5.55,36.71,3.26,67.71,11.80,42.98,45.22,7.14,37.27,55.59,49.24,35.21,7.47,8.088,15.78,26.84,6.10,7.60,1151,6004,8956,6809,11577,2633,3278
1419,Torres Novas,37399,37692,138.771,139.858,18.04,14.64,50.37,16.96,47.95,52.05,48.17,51.83,293,0.78,36.66,2.55,73.42,11.49,44.17,44.34,6.26,41.26,52.48,50.20,34.27,7.35,8.184,13.28,26.21,6.25,6.75,933,6149,7821,5004,9878,2355,2543
1420,Vila Nova da Barquinha,8167,7553,166.864,154.319,16.99,15.64,52.42,14.96,49.04,50.96,48.51,51.49,-614,-7.52,31.24,3.79,68.18,4.05,34.00,61.95,3.77,23.76,72.46,45.07,38.44,7.43,9.059,12.47,31.74,5.11,7.44,102,642,1958,942,2397,386,562
1421,Ourem,41376,40185,99.342,96.483,20.10,15.75,48.01,16.14,47.13,52.87,47.47,52.53,-1191,-2.88,36.31,1.28,66.99,40.69,31.80,27.51,13.42,41.96,44.62,55.61,31.15,4.06,9.185,19.71,25.07,9.01,4.33,2082,6510,6922,7920,10074,3621,1739
1501,Alcacer do Sal,16370,14512,11.061,9.806,18.12,13.58,51.38,16.92,50.04,49.96,48.67,51.33,-1858,-11.35,34.36,4.42,71.92,44.78,28.33,26.90,38.43,24.38,37.19,59.34,30.49,3.32,6.858,27.29,29.21,4.62,3.58,2292,1454,2218,3961,4239,671,519
1502,Alcochete,11246,10169,119.023,107.624,17.29,16.41,51.96,14.34,49.32,50.68,48.82,51.18,-1077,-9.58,38.47,4.79,67.56,20.50,50.09,29.41,13.17,43.90,42.93,50.78,35.19,5.16,8.873,17.04,28.76,4.49,7.09,556,1853,1812,1733,2925,457,721
1503,Almada,147690,151783,2110.581,2169.072,17.77,15.72,54.79,11.72,48.93,51.07,48.45,51.55,4093,2.77,41.56,4.23,59.46,1.69,41.21,57.10,0.93,28.53,70.54,40.58,38.49,12.12,8.813,10.26,25.99,4.63,10.66,608,18600,45996,15578,39446,7031,16186
1504,Barreiro,88052,85768,2796.012,2723.485,17.40,16.90,54.34,11.36,49.08,50.92,48.81,51.19,-2284,-2.59,39.43,5.36,62.79,0.85,49.34,49.81,0.69,33.85,65.46,40.64,39.09,10.19,10.089,10.01,28.16,4.67,9.85,239,11731,22690,8588,24149,4007,8447
1505,Grandola,16042,13767,19.928,17.102,16.87,11.88,52.31,18.95,50.18,49.82,49.1,50.9,-2275,-14.18,32.11,3.83,67.36,35.80,29.95,34.25,23.38,23.42,53.19,60.90,28.37,3.95,6.782,28.79,26.96,5.58,4.40,1193,1195,2714,3964,3712,768,606
1506,Moita,53240,65086,966.594,1181.663,21.95,15.71,52.18,10.17,49.39,50.61,49.12,50.88,11846,22.25,37.93,6.12,63.22,3.84,56.42,39.74,1.86,42.48,55.66,46.27,37.64,6.96,9.123,14.50,26.61,5.36,7.71,460,10505,13762,9437,17322,3490,5021
1507,Montijo,36849,36038,106.084,103.749,17.90,15.22,53.00,13.87,48.98,51.02,48.22,51.78,-811,-2.20,39.85,3.51,65.01,17.77,46.84,35.39,13.27,39.73,47.00,51.32,33.70,6.55,8.435,17.35,25.58,5.31,7.32,2021,6053,7160,6251,9217,1912,2639
1508,Palmela,36933,43857,79.973,94.966,19.03,15.09,53.85,12.04,49.75,50.25,49,51,6924,18.75,37.45,4.18,63.54,29.17,41.12,29.70,18.01,36.28,45.72,51.83,34.90,4.92,8.348,19.41,26.90,5.95,6.36,3280,6608,8328,8513,11799,2611,2788
1509,Santiago do Cacem,29191,31475,27.575,29.732,19.71,12.62,52.69,14.97,50.09,49.91,49.28,50.72,2284,7.82,32.76,4.28,66.42,28.50,38.50,33.01,17.40,35.32,47.27,57.02,30.14,5.82,7.019,21.90,24.30,5.66,7.20,2040,4140,5541,6893,7647,1781,2266
1510,Seixal,89169,116912,952.844,1249.3,21.53,16.03,55.50,6.94,49.69,50.31,49.25,50.75,27743,31.11,40.00,4.62,64.33,1.10,52.70,46.20,0.48,34.61,64.92,41.18,38.33,10.12,10.375,10.15,24.60,5.51,11.15,249,18008,33780,11868,28763,6443,13038
1511,Sesimbra,23103,27246,118.49,139.739,18.62,15.36,53.02,13.00,50.13,49.87,50.12,49.88,4143,17.93,32.46,2.94,67.71,28.90,29.89,41.21,15.52,28.19,56.29,50.14,35.61,5.70,8.554,14.77,28.72,5.99,6.29,1688,3067,6123,4023,7826,1631,1714
1512,Setubal,98366,103634,576.673,607.557,19.90,15.45,52.83,11.82,49.02,50.98,48.75,51.25,5268,5.36,39.29,5.59,61.58,6.00,46.97,47.03,3.76,34.96,61.28,45.36,35.72,10.06,8.860,13.33,24.80,4.71,9.61,1563,14517,25447,13814,25702,4880,9957
1513,Sines,12075,12347,60.688,62.055,20.59,14.43,52.64,12.34,50.57,49.43,49.95,50.05,272,2.25,32.81,4.18,77.71,21.72,37.96,40.32,14.14,30.95,54.91,51.15,33.80,6.65,8.395,18.20,25.65,5.69,7.69,715,1565,2776,2247,3167,702,950
1601,Arcos de Valdevez,31156,26976,69.874,60.499,19.91,13.20,44.83,22.06,43.49,56.51,44.46,55.54,-4180,-13.42,46.92,1.33,57.50,70.30,14.54,15.16,50.98,19.40,29.62,63.54,23.75,1.62,11.088,23.80,23.47,5.90,1.89,4656,1772,2705,6421,6330,1591,511
1602,Caminha,15883,16207,122.497,124.996,20.07,14.92,47.72,17.30,44.49,55.51,45.68,54.32,324,2.04,41.00,1.75,61.48,40.00,28.18,31.82,21.95,32.46,45.58,52.35,33.78,5.00,8.879,13.41,29.53,9.36,5.07,1350,1996,2803,2174,4786,1517,821
1603,Melgaco,13246,11018,55.413,46.093,15.80,13.18,47.96,23.06,43.7,56.3,43.06,56.94,-2228,-16.82,44.99,0.99,50.46,67.41,15.55,17.04,51.18,16.64,32.18,58.56,29.16,2.65,9.638,21.27,24.45,6.22,2.60,1845,600,1160,2344,2694,685,286
1604,Moncao,23799,21799,112.52,103.064,18.06,13.70,48.66,19.58,44.36,55.64,45.07,54.93,-2000,-8.40,47.62,1.22,48.69,57.42,22.26,20.32,45.82,19.39,34.79,60.40,27.61,2.69,9.302,18.73,25.24,8.17,2.83,4129,1747,3135,4082,5503,1780,618
1605,Paredes de Coura,11311,10442,81.952,75.656,18.41,14.15,46.23,21.22,45.58,54.42,46.69,53.31,-869,-7.68,48.88,3.11,44.92,69.25,14.59,16.16,46.86,20.38,32.76,61.47,26.93,1.64,9.948,25.69,25.62,7.69,2.36,2014,876,1408,2683,2675,803,246
1606,Ponte da Barca,13999,13142,75.769,71.13,22.56,16.13,44.60,16.71,44.93,55.07,46.02,53.98,-857,-6.12,44.21,1.51,60.30,64.57,18.44,17.00,43.79,23.41,32.79,61.07,24.67,1.78,12.483,25.37,24.49,6.94,2.32,2110,1128,1580,3334,3219,912,305
1607,Ponte de Lima,43797,43421,136.354,135.184,23.54,18.37,43.82,14.28,46.01,53.99,46.86,53.14,-376,-0.86,42.79,1.91,53.49,54.61,26.60,18.79,34.39,36.09,29.52,57.21,27.80,2.15,12.841,19.35,24.99,12.23,2.41,5923,6217,5084,8401,10851,5310,1048
1608,Valenca,13948,14815,118.777,126.16,18.55,14.36,49.33,17.76,45.75,54.25,46.7,53.3,867,6.22,39.97,2.42,53.07,39.98,31.23,28.79,18.86,30.74,50.40,58.19,30.09,3.26,8.456,15.49,29.11,8.41,4.71,1049,1710,2803,2295,4313,1246,698
1609,Viana do Castelo,81009,83095,257.695,264.331,21.32,16.68,48.62,13.38,46.33,53.67,46.37,53.63,2086,2.58,43.35,2.72,62.56,20.24,45.41,34.36,11.85,43.69,44.47,50.86,32.21,6.48,10.451,13.38,25.19,10.65,6.03,4022,14831,15095,11119,20929,8850,5011
1610,Vila Nova de Cerveira,8666,9144,79.9,84.308,18.95,15.08,47.10,18.87,44.81,55.19,46.86,53.14,478,5.52,41.55,1.20,45.45,46.90,28.80,24.30,22.41,35.40,42.20,59.83,27.49,3.36,9.319,16.01,27.92,7.45,4.17,735,1161,1384,1464,2553,681,381
1701,Alijo,18846,16327,63.333,54.868,21.57,16.10,45.97,16.35,49.24,50.76,49.39,50.61,-2519,-13.37,33.10,1.99,65.85,62.02,14.16,23.82,46.56,15.04,38.41,53.85,32.25,3.16,10.735,18.33,29.98,5.93,3.33,2536,819,2092,2992,4895,969,543
1702,Boticas,8773,7936,27.211,24.615,19.67,14.38,46.85,19.10,49.75,50.25,50.43,49.57,-837,-9.54,38.44,1.55,60.98,78.29,10.62,11.09,58.74,12.39,28.88,61.64,28.02,1.43,8.906,26.83,26.12,6.02,1.74,1788,377,879,2129,2073,478,138
1703,Chaves,45883,40940,77.712,69.34,20.12,16.19,48.05,15.65,49.3,50.7,48.96,51.04,-4943,-10.77,32.18,2.14,56.78,45.24,20.02,34.74,29.45,18.87,51.68,52.03,32.10,5.51,10.362,17.75,25.43,5.93,5.41,4081,2615,7161,7267,10413,2429,2214
1704,Mesao Frio,6335,5519,235.94,205.549,24.81,17.78,44.63,12.79,48.95,51.05,48.41,51.59,-816,-12.88,25.72,2.74,68.21,44.44,23.62,31.94,34.07,27.81,38.12,57.72,29.28,2.64,10.355,21.58,25.06,5.29,2.39,588,480,658,1191,1383,292,132
1705,Mondim de Basto,9904,9518,57.625,55.379,26.66,19.76,40.25,13.33,48.91,51.09,49.67,50.33,-386,-3.90,29.41,1.79,50.59,54.87,24.06,21.07,37.35,28.77,33.88,60.51,23.85,2.07,13.567,23.97,24.36,7.90,2.64,988,761,896,2281,2319,752,251
1706,Montalegre,19403,15464,24.068,19.182,20.18,13.44,45.82,20.56,50.94,49.06,50.23,49.77,-3939,-20.30,33.45,3.30,45.10,73.56,12.79,13.65,56.28,12.62,31.10,58.37,29.20,2.75,9.677,26.44,24.83,5.42,3.34,2751,617,1520,4088,3840,838,517
1707,Murca,8518,7371,44.983,38.926,22.18,15.51,45.75,16.57,49.87,50.13,49.27,50.73,-1147,-13.47,32.44,2.18,49.69,63.98,15.91,20.11,46.96,18.73,34.30,56.66,30.27,2.85,10.228,18.32,25.65,5.77,2.75,1083,432,791,1350,1891,425,203
1708,Peso da Regua,22472,21567,233.791,224.376,22.83,18.80,46.02,12.35,48.55,51.45,48.46,51.54,-905,-4.03,34.57,3.15,59.79,35.10,24.37,40.52,28.77,22.46,48.77,53.55,30.90,4.28,11.271,17.10,27.88,5.91,4.77,2238,1747,3793,3687,6012,1274,1028
1709,Ribeira de Pena,10796,8504,49.6,39.07,23.79,16.39,43.44,16.38,49.75,50.25,50.02,49.98,-2292,-21.23,27.98,1.02,62.07,66.68,13.97,19.34,56.15,15.71,28.14,60.16,25.92,1.82,12.094,29.10,24.13,6.26,2.13,1419,397,711,2475,2052,532,181
1710,Sabrosa,10219,7020,65.318,44.871,22.38,16.34,43.83,17.45,36.21,63.79,49.49,50.51,-3199,-31.30,35.66,1.52,61.68,68.00,13.23,18.77,43.18,19.07,37.75,58.71,28.65,2.86,9.784,21.47,28.08,6.42,3.28,969,428,847,1507,1971,451,230
1711,Santa Marta de Penaguiao,9050,7478,129.323,106.859,21.01,15.65,45.29,18.05,48.71,51.29,48.74,51.26,-1572,-17.37,30.35,2.34,61.71,58.19,20.85,20.96,47.39,20.69,31.92,56.89,29.56,2.69,10.870,28.96,35.14,7.40,3.80,1461,638,984,2166,2628,553,284
1712,Valpacos,26066,22586,47.131,40.838,20.03,16.09,46.71,17.18,49.62,50.38,49.34,50.66,-3480,-13.35,34.79,1.21,51.09,75.07,11.03,13.90,61.31,13.15,25.54,56.22,31.37,1.95,10.467,23.32,27.85,6.24,2.33,5230,1122,2179,5267,6290,1409,527
1713,Vila Pouca de Aguiar,20121,17081,46.503,39.477,23.10,16.19,45.67,15.04,49.5,50.5,49.99,50.01,-3040,-15.11,30.17,1.76,59.00,53.81,24.63,21.56,40.92,27.72,31.36,54.89,31.44,2.29,11.383,20.78,27.92,7.24,2.83,2383,1614,1826,3550,4769,1236,483
1714,Vila Real,47020,46300,124.5,122.594,21.17,18.20,47.80,12.84,48.2,51.8,48.3,51.7,-720,-1.53,38.22,3.30,58.94,34.44,22.79,42.77,14.22,23.23,62.55,51.45,30.21,7.30,11.047,15.12,24.71,6.83,6.67,2335,3813,10268,7001,11439,3161,3086
1801,Armamar,9426,8677,83.981,77.308,21.02,18.57,43.68,16.73,49.08,50.92,49.12,50.88,-749,-7.95,26.15,1.92,43.71,65.93,15.29,18.78,53.04,17.47,29.50,60.38,25.45,1.93,12.239,18.12,27.44,8.52,2.90,1424,469,792,1572,2381,739,252
1802,Carregal do Sal,11137,10992,97.934,96.658,21.05,14.17,47.38,17.39,47.12,52.88,48.46,51.54,-145,-1.30,31.02,2.25,61.94,40.89,35.46,23.65,20.51,41.99,37.50,57.93,30.14,2.88,9.056,16.56,28.70,6.96,3.36,703,1439,1285,1820,3155,765,369
1803,Castro Daire,20411,18156,54.249,48.255,21.07,14.52,44.28,20.13,48.41,51.59,48.96,51.04,-2255,-11.05,37.06,1.59,74.39,67.61,16.48,15.92,54.31,18.33,27.37,62.40,25.65,1.65,10.297,27.00,28.32,7.47,1.88,3473,1172,1750,4902,5141,1357,342
1804,Cinfaes,25619,23489,105.991,97.178,22.64,17.93,43.51,15.92,48.04,51.96,48.49,51.51,-2130,-8.31,35.05,2.11,45.86,49.79,30.03,20.18,35.74,35.77,28.49,58.08,29.28,1.35,11.287,21.85,27.11,11.01,1.76,2973,2976,2370,5133,6368,2586,413
1805,Lamego,32833,30164,196.947,180.937,22.11,18.99,45.71,13.19,47.91,52.09,48.26,51.74,-2669,-8.13,33.66,3.66,63.26,40.53,24.11,35.37,21.81,28.44,49.74,54.33,29.45,4.34,11.888,17.66,24.99,9.18,3.88,2299,2998,5243,5326,7537,2770,1170
1806,Mangualde,21438,21808,97.128,98.804,20.71,15.20,47.26,16.83,47.95,52.05,48.19,51.81,370,1.73,34.25,1.83,52.88,36.64,34.85,28.51,16.47,43.55,39.98,53.94,33.36,4.03,8.664,15.92,29.20,8.35,3.56,1225,3240,2974,3472,6368,1822,776
1807,Moimenta da Beira,12809,12317,58.289,56.05,23.05,16.57,43.73,16.65,48.01,51.99,48.21,51.79,-492,-3.84,31.44,1.65,56.65,52.79,19.90,27.32,39.95,20.01,40.04,58.10,28.68,3.10,10.122,19.40,27.32,7.86,2.60,1667,835,1671,2390,3365,968,320
1808,Mortagua,11291,10662,45.42,42.89,19.67,13.87,49.87,16.59,48.32,51.68,48.86,51.14,-629,-5.57,36.38,2.36,67.46,46.30,32.37,21.32,34.93,34.64,30.43,54.36,34.43,3.10,8.111,16.19,32.25,7.57,3.40,1450,1438,1263,1726,3439,807,363
1809,Nelas,15069,14618,117.819,114.292,20.91,14.17,48.55,16.38,48.14,51.86,48.93,51.07,-451,-2.99,34.63,2.67,53.20,44.54,31.04,24.43,24.20,35.55,40.25,52.78,33.81,4.79,8.619,13.11,31.23,5.58,4.57,1163,1708,1934,1916,4565,815,668
1810,Oliveira de Frades,10391,10584,70.471,71.78,22.24,15.10,45.33,17.33,47.51,52.49,47.98,52.02,193,1.86,45.21,1.93,49.02,69.16,15.64,15.20,42.59,26.60,30.81,55.43,33.01,2.76,8.792,19.80,29.84,9.50,3.59,1854,1158,1341,2096,3158,1005,380
1811,Penalva do Castelo,10172,9166,74.833,67.432,21.74,14.28,44.09,19.89,48.34,51.66,48.35,51.65,-1006,-9.89,38.71,1.13,44.23,61.04,22.27,16.69,42.21,28.88,28.91,60.96,28.08,1.80,9.157,24.19,27.20,6.71,1.84,1460,999,1000,2217,2493,615,169
1812,Penedono,4189,3731,31.567,28.116,20.53,14.47,45.16,19.83,47.7,52.3,47.76,52.24,-458,-10.93,28.50,1.47,70.91,58.01,20.96,21.04,52.61,15.94,31.45,59.41,28.39,2.99,9.208,20.34,27.45,5.90,3.00,624,189,373,759,1024,220,112
1813,Resende,15356,13675,125.141,111.442,22.22,18.28,42.52,16.97,48.29,51.71,48.73,51.27,-1681,-10.95,34.58,0.95,60.00,69.98,12.66,17.35,46.74,20.58,32.68,61.03,25.80,1.54,11.625,27.89,26.88,5.05,1.65,2064,909,1443,3814,3676,691,226
1814,Santa Comba Dao,14099,12209,125.28,108.486,20.45,15.24,47.11,17.20,48.29,51.71,47.91,52.09,-1890,-13.41,29.23,2.54,55.16,33.43,35.14,31.43,14.07,41.26,44.67,52.96,34.34,3.49,9.212,14.64,29.29,7.87,4.47,540,1584,1715,1788,3576,961,546
1815,Sao Joao da Pesqueira,7499,9581,28.027,35.809,23.70,14.12,44.21,16.06,66.9,33.1,49.8,50.2,2082,27.76,24.55,1.48,61.97,69.89,14.78,15.33,61.41,15.11,23.47,59.11,28.69,2.14,10.055,19.52,28.09,6.81,2.34,1991,490,761,1870,2691,652,224
1816,Sao Pedro do Sul,21220,19985,60.858,57.316,20.01,14.68,45.31,20.00,46.51,53.49,47.68,52.32,-1235,-5.82,42.93,1.90,62.11,67.05,14.27,18.68,45.58,21.53,32.89,59.33,28.92,2.34,9.403,20.78,28.08,9.12,2.88,3577,1690,2581,4152,5611,1823,575
1817,Satao,13587,13342,68.483,67.248,22.75,16.54,44.19,16.52,47.93,52.07,48.28,51.72,-245,-1.80,39.66,2.15,64.11,60.94,21.68,17.37,36.02,25.58,38.40,57.69,29.99,1.73,10.588,22.49,26.72,9.04,2.40,1831,1300,1952,3001,3565,1206,320
1818,Sernancelhe,11194,9703,48.371,41.928,20.06,17.93,46.87,15.14,48.74,51.26,49.02,50.98,-1491,-13.32,26.53,2.25,51.38,68.50,15.53,15.96,58.01,18.14,23.86,56.57,31.20,2.07,10.156,12.68,21.19,4.99,1.68,1612,504,663,1230,2056,484,163
1819,Tabuaco,8521,7901,62.784,58.215,23.19,16.10,44.37,16.34,48.46,51.54,48.68,51.32,-620,-7.28,27.31,1.66,72.52,56.24,19.43,24.33,45.61,21.26,33.13,58.08,28.63,2.63,10.658,18.82,26.95,6.66,2.49,1191,555,865,1487,2129,526,197
1820,Tarouca,9368,9579,92.296,94.374,23.46,20.46,42.75,13.33,48.39,51.61,48.92,51.08,211,2.25,34.44,1.17,53.57,61.89,18.49,19.62,36.18,25.00,38.82,59.99,25.58,1.71,12.716,17.37,25.56,8.73,2.19,1346,930,1444,1664,2448,836,210
1821,Tondela,35906,32049,96.198,85.865,18.94,15.02,47.55,18.49,47.77,52.23,47.73,52.27,-3857,-10.74,34.90,2.05,58.05,53.14,26.23,20.62,31.98,33.95,34.07,55.49,31.32,3.54,9.653,16.35,28.43,8.45,3.34,3671,3898,3911,5241,9110,2709,1069
1822,Vila Nova de Paiva,6420,6088,36.196,34.324,22.88,16.20,43.20,17.72,46.88,53.12,47.72,52.28,-332,-5.17,41.90,0.92,51.79,55.24,22.52,22.24,43.30,16.74,39.95,60.75,25.08,3.06,11.116,23.00,24.87,8.08,3.22,1112,430,1026,1400,1514,492,196
1823,Viseu,83261,83601,164.158,164.828,22.20,17.24,47.64,12.92,47.9,52.1,48.17,51.83,340,0.41,39.22,2.44,61.94,32.19,26.42,41.39,14.39,28.46,57.15,50.64,32.27,6.47,10.620,16.34,24.69,8.08,5.84,4598,9095,18264,13659,20639,6754,4879
1824,Vouzela,13407,12477,69.956,65.103,19.70,15.13,44.99,20.18,47.41,52.59,48.15,51.85,-930,-6.94,40.93,1.80,56.00,73.65,13.77,12.57,36.97,33.87,29.16,58.30,29.86,2.92,8.929,18.29,28.90,8.78,3.43,1850,1695,1459,2282,3606,1095,428
