id,Name,Murder and nonnegligent manslaughter rate; year=1960,Murder and nonnegligent manslaughter rate; year=1961,Murder and nonnegligent manslaughter rate; year=1962,Murder and nonnegligent manslaughter rate; year=1963,Murder and nonnegligent manslaughter rate; year=1964,Murder and nonnegligent manslaughter rate; year=1965,Murder and nonnegligent manslaughter rate; year=1966,Murder and nonnegligent manslaughter rate; year=1967,Murder and nonnegligent manslaughter rate; year=1968,Murder and nonnegligent manslaughter rate; year=1969,Murder and nonnegligent manslaughter rate; year=1970,Murder and nonnegligent manslaughter rate; year=1971,Murder and nonnegligent manslaughter rate; year=1972,Murder and nonnegligent manslaughter rate; year=1973,Murder and nonnegligent manslaughter rate; year=1974,Murder and nonnegligent manslaughter rate; year=1975,Murder and nonnegligent manslaughter rate; year=1976,Murder and nonnegligent manslaughter rate; year=1977,Murder and nonnegligent manslaughter rate; year=1978,Murder and nonnegligent manslaughter rate; year=1979,Murder and nonnegligent manslaughter rate; year=1980,Murder and nonnegligent manslaughter rate; year=1981,Murder and nonnegligent manslaughter rate; year=1982,Murder and nonnegligent manslaughter rate; year=1983,Murder and nonnegligent manslaughter rate; year=1984,Murder and nonnegligent manslaughter rate; year=1985,Murder and nonnegligent manslaughter rate; year=1986,Murder and nonnegligent manslaughter rate; year=1987,Murder and nonnegligent manslaughter rate; year=1988,Murder and nonnegligent manslaughter rate; year=1989,Murder and nonnegligent manslaughter rate; year=1990,Murder and nonnegligent manslaughter rate; year=1991,Murder and nonnegligent manslaughter rate; year=1992,Murder and nonnegligent manslaughter rate; year=1993,Murder and nonnegligent manslaughter rate; year=1994,Murder and nonnegligent manslaughter rate; year=1995,Murder and nonnegligent manslaughter rate; year=1996,Murder and nonnegligent manslaughter rate; year=1997,Murder and nonnegligent manslaughter rate; year=1998,Murder and nonnegligent manslaughter rate; year=1999,Murder and nonnegligent manslaughter rate; year=2000,Forcible rape rate; year=1960,Forcible rape rate; year=1961,Forcible rape rate; year=1962,Forcible rape rate; year=1963,Forcible rape rate; year=1964,Forcible rape rate; year=1965,Forcible rape rate; year=1966,Forcible rape rate; year=1967,Forcible rape rate; year=1968,Forcible rape rate; year=1969,Forcible rape rate; year=1970,Forcible rape rate; year=1971,Forcible rape rate; year=1972,Forcible rape rate; year=1973,Forcible rape rate; year=1974,Forcible rape rate; year=1975,Forcible rape rate; year=1976,Forcible rape rate; year=1977,Forcible rape rate; year=1978,Forcible rape rate; year=1979,Forcible rape rate; year=1980,Forcible rape rate; year=1981,Forcible rape rate; year=1982,Forcible rape rate; year=1983,Forcible rape rate; year=1984,Forcible rape rate; year=1985,Forcible rape rate; year=1986,Forcible rape rate; year=1987,Forcible rape rate; year=1988,Forcible rape rate; year=1989,Forcible rape rate; year=1990,Forcible rape rate; year=1991,Forcible rape rate; year=1992,Forcible rape rate; year=1993,Forcible rape rate; year=1994,Forcible rape rate; year=1995,Forcible rape rate; year=1996,Forcible rape rate; year=1997,Forcible rape rate; year=1998,Forcible rape rate; year=1999,Forcible rape rate; year=2000,Robbery rate; year=1960,Robbery rate; year=1961,Robbery rate; year=1962,Robbery rate; year=1963,Robbery rate; year=1964,Robbery rate; year=1965,Robbery rate; year=1966,Robbery rate; year=1967,Robbery rate; year=1968,Robbery rate; year=1969,Robbery rate; year=1970,Robbery rate; year=1971,Robbery rate; year=1972,Robbery rate; year=1973,Robbery rate; year=1974,Robbery rate; year=1975,Robbery rate; year=1976,Robbery rate; year=1977,Robbery rate; year=1978,Robbery rate; year=1979,Robbery rate; year=1980,Robbery rate; year=1981,Robbery rate; year=1982,Robbery rate; year=1983,Robbery rate; year=1984,Robbery rate; year=1985,Robbery rate; year=1986,Robbery rate; year=1987,Robbery rate; year=1988,Robbery rate; year=1989,Robbery rate; year=1990,Robbery rate; year=1991,Robbery rate; year=1992,Robbery rate; year=1993,Robbery rate; year=1994,Robbery rate; year=1995,Robbery rate; year=1996,Robbery rate; year=1997,Robbery rate; year=1998,Robbery rate; year=1999,Robbery rate; year=2000,Aggravated assault rate; year=1960,Aggravated assault rate; year=1961,Aggravated assault rate; year=1962,Aggravated assault rate; year=1963,Aggravated assault rate; year=1964,Aggravated assault rate; year=1965,Aggravated assault rate; year=1966,Aggravated assault rate; year=1967,Aggravated assault rate; year=1968,Aggravated assault rate; year=1969,Aggravated assault rate; year=1970,Aggravated assault rate; year=1971,Aggravated assault rate; year=1972,Aggravated assault rate; year=1973,Aggravated assault rate; year=1974,Aggravated assault rate; year=1975,Aggravated assault rate; year=1976,Aggravated assault rate; year=1977,Aggravated assault rate; year=1978,Aggravated assault rate; year=1979,Aggravated assault rate; year=1980,Aggravated assault rate; year=1981,Aggravated assault rate; year=1982,Aggravated assault rate; year=1983,Aggravated assault rate; year=1984,Aggravated assault rate; year=1985,Aggravated assault rate; year=1986,Aggravated assault rate; year=1987,Aggravated assault rate; year=1988,Aggravated assault rate; year=1989,Aggravated assault rate; year=1990,Aggravated assault rate; year=1991,Aggravated assault rate; year=1992,Aggravated assault rate; year=1993,Aggravated assault rate; year=1994,Aggravated assault rate; year=1995,Aggravated assault rate; year=1996,Aggravated assault rate; year=1997,Aggravated assault rate; year=1998,Aggravated assault rate; year=1999,Aggravated assault rate; year=2000,Burglary rate; year=1960,Burglary rate; year=1961,Burglary rate; year=1962,Burglary rate; year=1963,Burglary rate; year=1964,Burglary rate; year=1965,Burglary rate; year=1966,Burglary rate; year=1967,Burglary rate; year=1968,Burglary rate; year=1969,Burglary rate; year=1970,Burglary rate; year=1971,Burglary rate; year=1972,Burglary rate; year=1973,Burglary rate; year=1974,Burglary rate; year=1975,Burglary rate; year=1976,Burglary rate; year=1977,Burglary rate; year=1978,Burglary rate; year=1979,Burglary rate; year=1980,Burglary rate; year=1981,Burglary rate; year=1982,Burglary rate; year=1983,Burglary rate; year=1984,Burglary rate; year=1985,Burglary rate; year=1986,Burglary rate; year=1987,Burglary rate; year=1988,Burglary rate; year=1989,Burglary rate; year=1990,Burglary rate; year=1991,Burglary rate; year=1992,Burglary rate; year=1993,Burglary rate; year=1994,Burglary rate; year=1995,Burglary rate; year=1996,Burglary rate; year=1997,Burglary rate; year=1998,Burglary rate; year=1999,Burglary rate; year=2000,Larceny-theft rate; year=1960,Larceny-theft rate; year=1961,Larceny-theft rate; year=1962,Larceny-theft rate; year=1963,Larceny-theft rate; year=1964,Larceny-theft rate; year=1965,Larceny-theft rate; year=1966,Larceny-theft rate; year=1967,Larceny-theft rate; year=1968,Larceny-theft rate; year=1969,Larceny-theft rate; year=1970,Larceny-theft rate; year=1971,Larceny-theft rate; year=1972,Larceny-theft rate; year=1973,Larceny-theft rate; year=1974,Larceny-theft rate; year=1975,Larceny-theft rate; year=1976,Larceny-theft rate; year=1977,Larceny-theft rate; year=1978,Larceny-theft rate; year=1979,Larceny-theft rate; year=1980,Larceny-theft rate; year=1981,Larceny-theft rate; year=1982,Larceny-theft rate; year=1983,Larceny-theft rate; year=1984,Larceny-theft rate; year=1985,Larceny-theft rate; year=1986,Larceny-theft rate; year=1987,Larceny-theft rate; year=1988,Larceny-theft rate; year=1989,Larceny-theft rate; year=1990,Larceny-theft rate; year=1991,Larceny-theft rate; year=1992,Larceny-theft rate; year=1993,Larceny-theft rate; year=1994,Larceny-theft rate; year=1995,Larceny-theft rate; year=1996,Larceny-theft rate; year=1997,Larceny-theft rate; year=1998,Larceny-theft rate; year=1999,Larceny-theft rate; year=2000,Motor vehicle theft rate; year=1960,Motor vehicle theft rate; year=1961,Motor vehicle theft rate; year=1962,Motor vehicle theft rate; year=1963,Motor vehicle theft rate; year=1964,Motor vehicle theft rate; year=1965,Motor vehicle theft rate; year=1966,Motor vehicle theft rate; year=1967,Motor vehicle theft rate; year=1968,Motor vehicle theft rate; year=1969,Motor vehicle theft rate; year=1970,Motor vehicle theft rate; year=1971,Motor vehicle theft rate; year=1972,Motor vehicle theft rate; year=1973,Motor vehicle theft rate; year=1974,Motor vehicle theft rate; year=1975,Motor vehicle theft rate; year=1976,Motor vehicle theft rate; year=1977,Motor vehicle theft rate; year=1978,Motor vehicle theft rate; year=1979,Motor vehicle theft rate; year=1980,Motor vehicle theft rate; year=1981,Motor vehicle theft rate; year=1982,Motor vehicle theft rate; year=1983,Motor vehicle theft rate; year=1984,Motor vehicle theft rate; year=1985,Motor vehicle theft rate; year=1986,Motor vehicle theft rate; year=1987,Motor vehicle theft rate; year=1988,Motor vehicle theft rate; year=1989,Motor vehicle theft rate; year=1990,Motor vehicle theft rate; year=1991,Motor vehicle theft rate; year=1992,Motor vehicle theft rate; year=1993,Motor vehicle theft rate; year=1994,Motor vehicle theft rate; year=1995,Motor vehicle theft rate; year=1996,Motor vehicle theft rate; year=1997,Motor vehicle theft rate; year=1998,Motor vehicle theft rate; year=1999,Motor vehicle theft rate; year=2000
01,Alabama,12.4,12.9,9.4,10.2,9.3,11.4,10.9,11.7,11.8,13.7,11.7,15.1,14.1,13.2,15,16,15.1,14.2,13.3,13.2,13.2,11.9,10.6,9.2,9.4,9.8,10.1,9.3,9.9,10.2,11.6,11.5,11,11.6,11.9,11.2,10,9.9,8.1,7.9,7.4,8.6,7.6,6.5,5.7,11.7,10.6,9.7,10.5,11.1,14,18.5,19,18.8,21.2,22.7,20.4,21.7,25.2,25.5,27.5,30,26.1,26,23.5,25.1,26.8,28.4,27.8,29.8,31,32.6,35.6,41.2,35.1,35.2,31.7,33,32.3,33.2,34.6,33.3,27.5,19.1,22.5,24.7,29.1,28.7,32,33,41,41,50.3,57.6,68.6,79.4,99.6,123,96,96.8,99.1,109.5,132.1,126.5,112,98.4,96.1,105.4,111.6,112.2,117.8,133.9,143.7,152.8,164.9,159.5,171.2,185.8,167,160.5,130.9,121.2,128.2,138.1,128.9,119,142.1,163,149.1,177.7,183.5,168.5,181.7,215.2,219.7,211.7,236.3,235.6,233.5,256,278.3,281.2,263.1,273.2,306.1,299.1,284.9,300.6,315.5,407.9,409.9,401.2,415.7,520.7,644.4,654.6,574.3,465.3,403.7,356,361.8,339.9,326.5,317.2,355.9,339.3,349.1,376.9,466.6,473.7,527.5,571.4,628.2,667.2,776.4,791.8,789.6,897.3,1057.9,1163.8,1170,1135.5,1229.3,1287.3,1526.7,1450.7,1256.2,1073.1,1001.8,1034.9,1159,1198.3,1233.8,1146.8,1103.4,1268.6,1186,1088.6,1044.4,1024.8,1002.1,1013.8,964.3,884.4,906.9,592.1,569.4,634.5,683.4,784.1,812.1,869.6,895,967.7,1037.8,1184,1173.9,1096.7,1107.8,1308.7,1645.5,1987.2,1881.9,1987.9,2223.2,2642.2,2693.3,2656.4,2381.4,2235.5,2191.2,2304.4,2431.1,2502.6,2592.8,2755.4,2889.5,2848.2,2672,2843.1,2844.3,2886.7,2954.8,2779,2737.2,2864.8,87.3,76.8,83.4,90.6,108,106.9,131,146,170.7,171.2,223.5,221.2,195,227.2,260.6,270.3,262.3,280.7,302.5,320.1,316.2,284.2,273.3,230.5,233.6,258.5,267,262.8,266.7,297.5,347.8,363.4,362.3,337.8,331.8,346.6,366,356.7,341.7,300.5,288
02,Alaska,10.2,11.5,4.5,6.5,10.4,6.3,12.9,9.6,10.5,10.6,12.2,13.4,9.5,10,13.6,12.2,11.3,10.8,12.9,13.3,8.9,14.6,18.5,13.8,11.6,9.8,8.6,10.1,5.7,8,7.5,7.4,7.5,9,6.3,9.1,7.4,8.9,6.7,8.6,4.3,20.8,13.2,18.7,14.9,22.4,17.8,19.5,17.6,21.7,29.4,26.1,43.5,41.8,44.5,49.3,44.6,46.9,51.6,55.6,71.9,56.8,102.2,85.4,101.5,91.6,77.2,72.7,65,57.7,52.9,72.9,91.8,98.6,83.8,69,80.3,65.6,66.2,68.6,83.5,79.3,28.3,12.4,13.8,22.2,21.2,39.9,36,35.3,52.7,67.4,71.8,67.1,66.5,67,88.4,129.5,124.9,96.8,91.3,109.6,81.8,114.6,133.8,97.1,109.4,92.9,88,73.1,72.9,67.6,76.7,113.2,109,122.4,146.2,155.1,117,106.4,86.6,91.4,78.2,45.1,51.7,54.5,66.1,96,85,82,98.2,90.6,113.8,167.8,231.3,252.6,263,301.8,353.4,357.1,284,282.1,296.3,288.5,384.5,386.1,401.5,409,401.9,401.1,307.2,386.5,369.3,367.4,401.6,445.3,545.6,544.9,526.3,537.7,519.7,492,448,405.1,332.1,380.8,351.6,381.5,443.6,554.5,593,688.6,747.3,870.6,789.9,848.6,970.8,1167.3,1166.8,1214.5,1218.1,1331.7,1339.2,1383.3,1259.8,1329.9,1188.1,1194.2,1236.8,1191.7,1161.8,970.1,842.3,826.9,894.3,979.3,880.7,816.9,800,836.9,843.2,702.1,667.4,611.8,621.9,970.5,950,985.4,1213.7,1218.4,1492.9,1600.7,1630.9,1915.9,2196.8,2182.5,2438,2639.1,2865.5,2972.1,3522.4,3656.8,3369.8,3603.5,3713.3,3388.9,3958.7,3806.4,3566.8,3628,3497.1,3909.9,3465.7,3101.6,3000.2,3168.5,3574.6,3531.2,3539.4,3601.3,3624.3,3386.7,3412.2,3031.1,2690.5,2685.8,242.3,209.8,227.6,357.7,354,407.1,441.5,404.4,482.3,591.5,551.3,522.7,498.2,526.1,647.8,919.9,805.8,753.3,661.5,616,561,690.5,594.3,643.8,628.8,606.3,603.7,486.3,455,455,565.4,533.9,497.1,450.9,540.4,521.7,492.9,457.1,424.6,429.4,374.8
04,Arizona,6,6,5.7,6,5.2,5,6.1,5.6,6.3,6,9.5,6.7,7.3,8.1,9.6,8.6,7.8,9.5,9.4,8.9,10.3,8.1,8.3,7.2,7.8,8,9.3,7.5,8.5,6.7,7.7,7.8,8.1,8.6,10.5,10.4,8.5,8.2,8.1,8,7,16.1,14.4,13.1,14.2,16.4,17.8,18.3,16.7,18.7,23,27,29.9,33.4,31,37.5,35.5,29.7,34.2,44.2,45.7,45.2,38.1,38.5,41.9,43.1,45.7,43,41.2,38.8,36.2,40.9,42.4,43,37.8,36,33.6,31.2,32.8,31.1,28.9,30.7,54.2,56.5,56.4,57.5,61.2,55.7,55.5,74.9,86.7,99.9,120.2,113.3,120.8,147.3,204.2,170,129.9,138.2,162.9,175.7,193.6,177.6,158.6,132.4,131.1,146.5,169.2,138.4,137,139,160.9,165.7,153.1,162.9,162,173.8,167.8,165.7,165.2,152.5,146.3,131.4,87.6,97.7,116.4,130.2,113.9,122.4,141,151.9,210.2,213.7,250.7,287.4,293.6,315.5,333.8,287.9,312.3,335.6,362.6,401.8,352,311.6,312.7,334.1,402.3,436.8,425.5,425.8,417.7,442.8,454.8,466.6,505.7,494.7,495.7,424,417.1,373.6,361.6,347.7,685.5,737.7,774.9,830.3,868.2,816.5,931.1,1137.3,1167.4,1302.6,1493,1435.9,1615.9,1958.3,2534,2529.9,2366.6,2346.1,2082.5,1996.6,2155.4,2064.3,1883.3,1668.6,1714,1869.6,1907.7,1626.1,1580.3,1667.2,1669.9,1607.5,1411.7,1465.5,1476.2,1416.8,1256.3,1318.9,1209.5,1034.4,1011.6,1782.2,1876.3,1895.6,2002.1,2225.8,2251.7,2630.1,3055.3,3022.2,3144.2,3549.7,3654.2,3438.7,3720.1,4518.6,4747.7,4642.7,4467.4,4504.8,4774.5,4891.2,4563.9,4360.9,3871.8,3884.8,4258.6,4336.6,4527.3,4821.7,5106.1,4703,4266.3,4124.6,4387.4,4678.5,4925.6,4252.5,4282,3922.4,3510.5,3444.1,338.4,355.4,357.6,368,338.3,287.3,372.3,407.2,421.2,438.6,501.2,450.8,429.8,545.6,602.3,516.1,421.8,439.5,464.4,493.3,473.3,410,369.8,357,384.5,385.5,418.8,422.6,459.1,686.9,863.5,861.1,821.5,863.8,1066.7,1157.7,926.7,970.4,865.1,800.5,842.1
05,Arkansas,8.5,9.1,7.9,7.4,7.6,5.9,7.1,8.8,8.1,9.9,10.1,10.5,10.4,8.8,11.2,10.1,10.1,8.8,9.1,9.1,9.2,9.1,8.2,7.6,7.5,7.9,8.1,7.6,8.7,8.4,10.3,11.1,10.8,10.2,12,10.4,9,9.9,7.9,5.6,6.3,8.9,7.2,6.8,6.1,8.1,10.4,9.8,14.2,17.3,17.4,17.1,17.1,17.3,19.5,23.9,25.9,24.2,27.6,23.1,27.3,26.7,25.2,27.1,25.2,29.7,29.1,28.9,32.6,32.2,38.4,43.3,44.6,41.3,42.4,41.9,37.2,42,43.5,35.2,27.8,31.7,24.8,24.8,21.9,25.1,29.2,23.7,29.4,35.2,39.6,44.4,45.6,48.7,54.8,71.5,80.7,87.6,76.7,83.2,80,74.6,80.9,77.4,78.8,69.3,67.6,68.5,79.7,79.1,84.1,110.6,113.2,135.6,125.5,124.9,128.7,125.7,114,111.5,96.2,79.3,74.8,65.5,59.5,54.8,68.6,91.7,95.9,116.6,161.3,151.7,148.4,149.5,164.5,162.2,190,200.5,224.7,192.9,203.4,231.9,255.3,218.4,198.6,210.6,195.5,216.6,242,278.2,292.6,297.6,316.3,365.4,401.9,399,415.8,412.5,379.8,360,361.9,350.9,312.5,332.4,302.2,308.1,311.7,327.6,369.1,323.7,360.3,443.9,569.7,651.1,759.4,720.9,735.1,888,1075.2,1077.1,937.5,972.6,967.1,984.3,1119,1078.1,1071.5,961.3,885.9,941.4,1029.9,1078,1091.8,1194.4,1210.9,1226.5,1092.7,1099.3,1097.1,996.9,953,1013.4,928.3,850.3,802.1,573.8,568.2,612.7,662.8,756.4,727.2,774.4,879.1,1068.9,1206.5,1320,1243.5,1258.4,1433.7,1745.3,1947,2013.9,1862.1,1950.9,2076.5,2169.8,2221.4,2289.4,2067.9,1992.6,2117.7,2305.1,2548.7,2492.3,2621.9,2834.4,3013.8,2763.2,2795.7,2791.6,2815.4,2908.8,2863.8,2581.8,2506,2608.7,50.3,60.6,73.9,83.3,97.1,87.5,85.2,86,103.2,110.9,119.4,123.1,114.2,144.9,163.9,167.8,151.4,183.4,199.6,193.8,187.1,186.6,186,173.7,167.6,178.4,194.9,206.5,212.9,265.6,289.4,341.4,329.3,322.5,315,325.4,313,314.6,283.2,261.2,259.3
06,California,3.9,3.7,3.9,3.8,4.1,4.7,4.6,5.4,6,7.1,6.9,8.1,8.8,9,9.5,10.4,10.3,11.5,11.7,13,14.5,13,11.2,10.5,10.6,10.5,11.3,10.6,10.4,10.9,11.9,12.7,12.7,13.1,11.8,11.2,9.1,8,6.6,6,6.1,18.2,18.5,17.4,17.5,20,21.2,23.4,25,29.9,36.3,35.1,36.1,39.7,40.6,40.6,41.6,44.7,49.4,50.8,53.9,58.2,56.2,50.7,48,45.7,43.3,44.9,43.8,41.8,41.2,42.6,42.4,41.3,37.7,34.9,33.4,32.1,31.6,29.9,28.2,28.9,97.3,90.5,91.9,93.6,103.2,113.3,118,149,192.5,201.8,206.9,235.5,238.6,240.4,252.7,282.4,275.6,287,306.1,333.8,384.2,388.2,372.1,340.9,327.5,327.7,342.9,301.3,305.8,331.8,377,411.3,424.1,405.1,356.8,331.2,295.6,252.5,210.6,181.1,177.9,119.6,120,121.7,126.3,138.2,142.9,159.1,172.7,194.6,217,225.9,238.9,253.7,275.8,307.8,321,338.7,358,374.4,410.3,436.7,405.6,380.7,373.1,379.5,383.8,521.5,562.4,571.8,593.8,613.6,623.5,641.6,621.8,609.4,590.3,525.8,506.2,456.6,411.7,408.7,910.5,894.2,934.1,998.9,1088.7,1209.6,1277.4,1446,1644.5,1676.1,1753,1939.8,1949.2,1979.6,2072,2217.3,2174.6,2139.4,2193.3,2186.8,2316.5,2238.5,2020.2,1829.1,1729.3,1701.1,1696.4,1518.2,1447.1,1412.3,1345.4,1397.8,1384.9,1327,1222.5,1120.3,979.4,927.4,823.5,675.3,656.3,1984.8,1950.6,2052.9,2184.7,2366.5,2388,2506.2,2748.8,3032.3,3282.7,3422.1,3517.9,3242,3123.6,3525.5,3703.7,3745.8,3499.8,3488.8,3732.6,3880,3816.1,3785.1,3444.5,3346.1,3379.4,3383.9,3240.2,3314.5,3346.5,3197.5,3246,3137.8,3029.1,2957.7,2856.9,2605.1,2430.9,2217.1,1994.2,1924.5,340.1,332.7,339.2,362.2,419.1,439.6,460.7,508.1,621.4,678.6,689.2,713.9,681.3,635.9,638.8,628.2,644.3,663.5,691.3,738.3,742.9,672.9,665.5,631.2,629.6,672.2,762,830.1,944,1026.9,1015.5,1038.9,1037.1,1023,980.6,887.9,760.6,708.8,598.5,508.3,537.4
08,Colorado,4.2,4.7,5,4.8,4.2,3.5,4,4.1,5.4,5.3,6.2,6.5,8.3,7.9,6,7.4,6.8,6.3,7.3,5.8,6.9,8.1,6,6.4,5.8,5.8,7,5.8,5.7,4.4,4.2,5.9,6.2,5.8,5.4,5.8,4.7,4,4.6,4.6,3.1,13.1,12.9,14.8,14.5,17.1,16.2,17.3,20.9,26.1,28.8,36,38.4,38.4,38.7,36.5,41.5,33.8,42,49.6,53.1,52.5,45.6,44.5,41.9,39,40.9,42.3,40.8,38.6,36.2,46.2,47,47.3,45.8,43.2,39.5,46.2,43.1,47.4,41.4,41.2,77.7,91.7,85.2,68.3,67.3,54.5,53.8,67.9,96.5,110.7,129.1,134.9,141.4,162.9,165.7,174.1,139.7,170.7,159.2,157,160.1,159.5,150.6,126.4,114,124.2,144.8,118.8,98.8,90,90.6,107.4,120.5,116.7,106.9,96.2,98.2,83.3,81.5,75.3,70.5,42.4,40,51.8,42.6,70.1,78.6,93.8,98.9,135,154,185.4,193.8,217.3,204.4,221.6,240.1,236.7,292.9,281.9,306.1,309.2,318.5,303.1,301.7,299,300.1,329.4,302.1,329.5,340.8,385,398.9,404.9,399,354,298.7,255.4,232.8,244.4,219.2,219.1,569.9,655.9,681.1,670.5,679.9,650.9,711,789.4,917,1133.2,1380.9,1450,1580.1,1598.8,1843.1,2001.2,1879.9,1935.2,1869.6,1794.4,2030.8,2031.6,1749.1,1532.4,1561.3,1748.1,1791.6,1534.6,1383.1,1250.4,1208.8,1158.3,1090.9,1009.8,925.7,934.1,900.8,796.1,786.5,665.2,630.8,1251.4,1322.3,1507.1,1553.5,1619,1652.2,1831.3,2019.5,2262,2559.2,2992.1,3128.5,3018.8,2910.6,3354.2,3744,4043.5,3903.2,3977,4253.2,4325.8,4375.9,4429.3,4245.7,4054.7,4267,4230.8,4012.9,3900.6,3864.8,3890.6,3930,3780.1,3499.4,3490.2,3634.5,3415.5,3077.3,2917.9,2693,2623.5,213.8,276.5,322.2,306.5,271.2,248.7,298.3,308.4,420.6,507,588.4,564.8,589.3,572.5,538.6,467.2,442,477.1,487.9,481.4,448.3,413.9,397.3,372.7,397.3,432.9,486,436.3,422,452.9,428.4,426.4,509,450.3,392.9,387.5,397.8,413.7,405.1,364.8,394.3
09,Connecticut,1.6,1,1.3,1.8,1.8,1.6,2,2.4,2.5,2.9,3.5,3.1,3.2,3.3,3.3,3.9,3.1,4.2,4.2,4.2,4.7,5.4,5.2,4.1,3.9,3.8,4.6,4.9,5.4,5.9,5.1,5.7,5.1,6.3,6.6,4.6,4.8,3.8,4.1,3.3,2.9,4.1,2.4,3.1,3.3,5.5,5.2,6,5.6,8,8.7,9.1,11.9,8.9,11.1,11.2,12.4,14.4,16.8,17.2,24.1,21.6,21.9,21.9,20,24.1,24,23.8,24.9,26.2,27.5,27.9,29.2,26.9,24.4,24.6,23.7,23.1,22.6,22.2,19.9,19.9,9.3,9.1,9.9,13.7,15,19.3,20.9,32.2,45,56.5,70.4,83.2,79.1,84.2,92.3,131.5,122.9,129.5,154.8,193.3,218,246.1,208.5,200.6,190.5,190,192.2,178.1,187.6,214.8,234.8,224.4,210.9,196.7,187.8,163.2,169.6,152.9,133.8,123.5,112.5,21.6,21.1,21.8,25.9,41.9,43.5,45.8,55.7,73.7,79.1,87.4,95.5,107.9,110.1,121.4,120.6,132.8,131.8,138.8,192.6,168.1,174.6,163.9,150.3,175.4,184.1,205.1,211.1,236.2,263.6,286,280.5,252.5,228.7,236.5,214.4,214.6,211.6,206.2,198.9,189.4,333.4,364.4,395,470.9,531.9,563.5,616.6,751.7,964.4,987.5,1084.2,1067.3,956.8,1029.3,1353.9,1512.6,1383.9,1346,1362,1548.3,1700.6,1691.9,1410.8,1274.3,1128.9,1135.5,1197.6,1218.3,1218,1236,1227.7,1191.1,1108.6,978.1,889.8,888.4,842.2,738.3,665.9,588,512,656.9,715.8,760.1,877.6,1003.4,983.8,1040.7,1112.6,1420.5,1663,1750.7,1846,1778,1909.7,2275,2603.6,2785.8,2620.7,2597.6,3113.9,3089.6,3094.7,3065,2849.6,2683.3,2726,2758.3,2829.4,2810.2,2824.4,2874.4,2837.6,2726.7,2620.6,2586.9,2668.7,2484.1,2410.4,2366.3,2111.5,2011.4,129.7,130.8,146.2,183.9,206.7,217.4,250.3,321.1,376.1,427.8,484.2,539.1,469.1,516.7,549.9,572.4,561.8,593.2,654.9,703.2,678.9,602.6,552.2,478.9,422.8,441.3,447.1,529,614,697.8,730.9,795.7,722.3,595.5,615.8,540.2,489.4,444.7,388.1,344.2,384.6
10,Delaware,7.4,4.4,4.3,5,4.7,5.7,9,8.6,8.4,8,7.7,6.1,6.9,5.9,10.3,7.3,6.2,6,6.7,5.7,6.9,6.7,5.3,4.1,4.1,4.8,4.9,5.1,5.2,5.1,5,5.4,4.6,5,4.7,3.5,4.3,2.5,2.8,3.2,3.2,9.2,5.9,9.4,9,8.1,6.5,9.6,11.5,14,13.7,18.6,18.3,14.2,15.8,17.3,18.1,17.7,24.9,20.4,27.8,24.2,28.4,30.9,37.8,48.9,47.6,56.9,68.5,74.4,84.5,88.1,86.5,85.8,77,77.3,80.2,62.6,65,67.1,70.2,54.1,35.2,27.1,29.9,38,41.3,56.6,58.6,65.5,105.1,117.6,105.5,144.1,130.1,90.3,127.9,157.2,128.7,157,145.5,129.4,137,141.1,122.4,115.3,116,124.3,124.2,122.5,118.8,138.8,164.8,214.7,151.2,186.7,161.6,198.7,179.9,179.5,194.2,197.9,177.9,32.3,32.1,28.6,37,56,42.2,50.8,95.4,113.7,154.8,195.8,200.7,234.9,238,287.6,209.5,169.1,194.2,268.1,374.4,306.7,332.8,401.2,295.9,266.7,256.6,241.1,234.6,253.3,328.1,397.3,407.6,379.5,417.1,400.7,442.5,421.5,430.9,498.3,462.7,449.2,596.2,591.9,600,707.1,674.7,647.9,762.3,832.1,885,877.2,1056.2,1390.5,1249.4,1219.4,1517.8,1826.3,1542.6,1682.6,1623.7,1527.5,1630.5,1609.9,1444.9,1223.4,1089.4,1097.4,1042.3,1020.5,1040.6,902.2,970.5,1127.6,957.6,892,877.9,905.3,804.1,767.8,859.5,695.6,665.6,1314.6,1284.9,1381.4,1377.9,1468.6,1398.4,1458.8,1500.2,1619.3,1859.8,2320.4,2670.6,2397.2,2526.4,3459.9,3926.9,3915.8,3678.4,3792.6,3965.8,4216.2,4140.3,3968.6,3450.2,3221.4,3157.2,3090.4,3175.9,3003.6,3015.5,3290.8,3652.4,2963.6,2979,2950.1,3114.2,2988.3,3184.7,3313,3001.9,2725.9,165.6,163.1,184.2,203.2,260.1,251.3,270.7,378.4,420,470.6,559,584.8,491.2,486.8,528.8,523,484.4,467,496.9,495.2,455.1,430.1,411.6,339.3,260.4,273.3,271.9,311.6,303.2,391.1,443.9,375.1,306.1,315.3,417.1,414.2,434.2,507.9,428.2,403.6,402.1
11,District of Columbia,10.6,11.5,11.6,11.9,16.3,18.4,17.5,22,24.1,36,29.2,37.1,32.8,35.9,38.3,32.8,26.8,27.8,28,27.4,31.5,35.1,30.7,29.4,28.1,23.5,31,36.2,59.5,71.9,77.8,80.6,75.2,78.5,70,65,73.1,56.9,49.7,46.4,41.8,14.5,13.1,10.5,10.9,11.9,17.4,16.6,21.3,32.1,97.2,95.2,83,95.5,79.9,77.6,72.6,72.4,58.3,66.3,74.5,69.1,65.1,66.7,65.2,58.7,53.8,52.4,39.4,26.6,30.8,49.9,35.8,36.5,56.1,43.7,52.7,47.9,41.2,36.3,47.8,43.9,140.3,176.4,200.5,213.9,282.1,358.8,458.3,711.9,1065.8,1549.6,1561.9,1514.4,1036.2,961.3,1098.3,1276.1,1003.4,964.5,939.6,1054.9,1400.6,1635.1,1448,1235.6,977,835.5,754,717.4,917.7,1083.1,1213.5,1215.6,1266.4,1229.6,1107.2,1239,1186.7,850.9,689.5,644.3,621.3,388.2,386.8,383.3,357.3,322.4,328.1,393.2,388.5,383.6,452.3,540.5,536,521,481.4,388.8,392.7,378.8,375.9,377.7,451.8,509.4,539.6,577.7,585.2,657.6,712,667.9,817.4,917.7,956.1,1117,1121.4,1454.7,1557.6,1441.8,1304.7,1162.1,1075.2,943,889.2,801,600.4,641.7,640.6,875.2,1102.7,1231.1,1299.3,1817.3,2218.8,2869.9,2873.7,2539.5,1711.4,1581.9,1953.8,1838.5,1690.7,1679.7,1854.2,2050.6,2559.7,2646.5,2341.4,2003.7,1758.3,1598.2,1727.6,1807.7,1983.9,1950.3,1983,2074.4,1820.2,1995.5,1760.9,1838.4,1809.9,1316.3,1216.3,976.3,829.5,1296.5,1273.9,1257,1302.6,1351.5,1566.1,1945.4,2648.3,2740.3,3998.7,4314.3,3627.8,3690.2,4126.1,3458.4,3616.2,3490.9,3716.8,3819.6,4393.1,4890.8,5164.3,5298.7,4719.9,4409.5,3973.5,4131.2,4021.2,4616.8,4828.5,4996.9,4879.9,5205.9,5449,5212.5,5833.8,5779.9,5067.9,4657.7,4181.3,3785.4,262.2,321.9,329.2,434.2,667.3,699.8,812.5,1051.5,1403.5,1402.3,1468.6,1178.4,778.2,631.8,542.7,474.4,420.5,397.4,473.9,549.7,561.7,592,647.5,634.8,702.1,802.7,975.2,1012.4,1392.4,1372.7,1336.1,1360.4,1548,1394.8,1449.3,1839.9,1837,1430.8,1243,1281.7,1153.7
12,Florida,10.6,9.1,7.7,8.2,8.6,8.9,10.3,10.5,11.9,11.3,12.7,13.3,12.7,15.4,14.7,13.5,10.7,10.2,11,12.2,14.5,15,13.5,11.2,11.5,11.4,11.7,11.4,11.4,11.1,10.7,9.4,9,8.9,8.3,7.3,7.5,6.9,6.5,5.7,5.6,8.1,7.6,5.8,7,10.3,13.3,14.7,15.2,18.1,21.2,22.2,24.3,26.4,31.9,36,35.7,36.3,39.6,46.1,51.6,56.9,56.1,53.6,48.4,50.7,52.8,52.7,50.2,49.7,49.7,52.4,51.7,54.2,53.8,52.3,48.6,52.1,51.9,49.6,46.3,44.2,80.9,71.7,63.3,71.1,86.9,88.6,99.9,130.9,159.9,162.8,186.1,190.6,189.4,222.3,275.2,239.7,186.4,187.9,206,249.4,355.5,348.9,297.6,263.4,276.2,312.4,366.8,356.6,403.3,404,416.8,399.8,366.9,357.6,328.8,299.9,289.2,276.1,242.7,211.6,199,123.7,129.4,115.3,128.7,184.1,188.6,213,233.6,263.3,267.5,277.2,319.7,326,335,351.8,399.6,415,449.1,502.5,520.6,556.6,545,532,503.7,529.6,564.5,605.3,606.3,653.3,644.6,764.4,723.4,777.2,785.7,757.4,715.1,702.2,688.7,639.9,590.5,563.2,807.1,720.5,743.3,824.6,963.3,957,1057.7,1220.8,1327,1358.3,1561.8,1678.4,1605.1,1857.2,2287.3,2349.6,1954.7,1859.9,1978.8,2154.4,2506.8,2375.9,2034.7,1796.8,1808,2009.5,2221.3,2256.9,2294.3,2282.8,2170.6,2005.8,1888.8,1835.4,1701,1522.4,1521.2,1459.8,1361.7,1200.3,1081.8,1486.5,1353,1433.7,1575.3,1898.5,1855.9,2077.5,2206.8,2398.5,2538.4,2860.6,3054.1,2851.1,3048.6,3939.5,4240.4,4074,3840.5,3936.5,4267.5,4434.2,4241.8,4103.9,3752.8,3718.6,4098.1,4372.6,4545.2,4760.6,4606.6,4569.6,4573.5,4434.3,4413.9,4490.6,4322.4,4204.5,4056.9,3886.8,3534.5,3242.9,187.6,169.7,168.3,171.2,206.4,207.8,243.3,285.7,319.9,382.9,396.6,392.7,366.1,449.9,482.9,442.6,339.7,351.4,388.6,432.3,477.5,449.7,429.8,404.8,426.7,525.5,598.1,676.7,765.1,805.7,826.3,783.6,828,895.7,911.5,785.8,720.6,731.5,698.9,616.7,558
13,Georgia,11.9,10,10.3,9.4,11.7,11.3,11.3,11.1,13.9,11.9,15.3,16,18.5,17.4,17.8,14.4,13.9,11.7,14.4,17.1,13.8,17.2,12.6,8.4,9.4,10.4,11.2,11.8,11.7,12.7,11.8,12.8,11,11.4,10,9.5,8.6,7.5,8.1,7.5,8,7.5,9.5,10.7,9.6,12.3,13.4,14.6,12.4,13.5,17.1,16.1,21.5,20.8,25.8,27.1,25.4,24.9,31.1,37.9,43.3,44.3,42.4,39.8,35.3,40.4,43.3,43.9,43.1,46.4,48.9,53.6,42.3,45.3,35.4,34.7,35.3,32.1,31.1,30.4,29.8,24,24.7,28.3,31.7,34.1,33.7,29.8,34.9,37.3,47.5,62.4,95.8,104.2,134.3,158.1,176.5,166.5,142.4,140.5,166.3,213.7,197.6,196.4,154.6,144.2,144.1,164.2,213.9,209.2,243.6,271.1,263.5,268.2,249.8,248,222.6,205.2,205.4,206.7,187.2,166.4,161.9,114.8,109.4,98.5,116.5,135.3,147,142.6,128.5,141,150.7,177.3,199.2,204,211.1,220.8,252.6,241.9,256.5,264.2,284.5,299.7,292.1,271.2,268.8,284.7,289.4,318.6,312.4,363.7,403,427.4,415,427.1,428.3,400.4,407.1,392.8,361.3,347,330.3,310.9,392.1,437.4,460.3,468.6,528.8,487.4,551.2,591.4,660.8,701.5,899.9,1050.7,1081.7,1268.8,1462.4,1580.7,1448.4,1351.1,1475.6,1594,1699.2,1672.1,1497.9,1266.8,1204.6,1356.6,1453.1,1552.1,1610.8,1712.5,1619.4,1514.7,1442.8,1307.3,1153.9,1059.9,1114.8,1086.3,990.8,917.2,836.6,709.6,746.1,742.3,841.6,883.9,882,943.5,973.6,1043.1,1182.9,1368.6,1354.5,1285.8,1390.7,1660.8,2248.5,2618.3,2170.2,2456.3,2847.9,2976.6,3073.6,2926.9,2501.7,2522.7,2877.3,2984.5,3171,3495.8,3971.1,3714.3,3629.2,3653.1,3568.7,3631.6,3678.3,3927.7,3503.4,3342.8,3182.3,2937,147.4,157,191.5,207.7,231.7,193.5,181.7,199.9,236.4,273,308.6,301.8,306.7,358.4,347.1,337.7,319.7,297.9,356.5,416.3,372.4,334.6,311.7,280,292.3,369,430.3,492.4,554.6,653.7,673.6,611.3,576.4,593.8,557.2,608.4,628.5,595.4,556.6,515.2,472.8
15,Hawaii,2.4,2.3,2.9,1.7,2.1,3.2,2.9,2.4,2.8,3.4,3.6,5.3,6.8,5.3,8.3,7.7,6.2,7.2,6.7,7.2,8.7,4.8,3.1,5.6,3.3,4.1,4.8,4.8,4,4.8,4,4,3.6,3.8,4.2,4.7,3.4,4,2,3.7,2.9,3.3,3.8,2.5,2.6,2.6,0.8,4.9,5,7.2,12.2,11.8,17.5,21.3,20.2,26.1,24.7,23.6,25.5,25.9,32.3,34.7,34.7,34.4,29.4,30.2,29.4,31,36.3,32.5,44.6,32.5,33,37.9,33.6,30.4,28.3,27.5,31.3,29.5,29.9,28.6,10.9,10.7,17.3,11.5,13.6,18.7,21.6,19.8,22.6,35.5,63.3,93,55.4,83.7,121.6,127.6,133,128,173.6,184.5,190.2,148.4,156.9,130,115.9,99.4,106.3,98,84.1,83.2,91.4,86.9,99.2,103.6,103.6,130.8,135.6,118.2,102.7,88.1,92.7,5.2,7.8,14.3,15.1,63.8,46.3,53.9,52.8,52.4,35,43.1,116.1,72.1,46.5,52.1,58.3,66.5,64.1,64,65.7,65.8,59.7,61.3,87.1,82.5,86.5,103.1,124.2,136.5,137.6,153,117.9,117.7,120.1,123.9,131.8,114,124.5,112.7,113.3,119.7,525.9,595,647.2,712.4,838.8,980.9,1129.7,1152.4,1363.8,1304.8,1456.1,1437.1,1335.6,1535.5,1784.8,1826.8,1881.6,1911.5,1937.7,1807.4,1847.5,1708.5,1657.6,1332.9,1213.6,1154.1,1338.8,1155.6,1255.8,1343.4,1228.2,1234.4,1121.2,1135.7,1189.9,1165.3,1079.5,1073.4,936.2,795,880.3,1480.6,1597.9,1543,1557.9,1612.1,1839.4,1971,2082.8,2483.7,2606,3106.1,3222.4,2723,2830.8,3492.8,3457.7,3669,3920.4,4357.5,4435,4723.2,4157.2,4250.3,3804.5,3689,3544.3,3759.1,4033.1,4112.2,4260.3,4217.1,4158.1,4357.2,4429.4,4687,5046.9,4620,4126.7,3681,3414.2,3570.2,269.9,304.9,319.3,241.2,257.2,363,319.2,404.2,505.8,535.9,581.1,567.3,398.4,436.9,586.1,523.7,542.1,489.4,570.8,715.4,612.1,430.1,420.6,420,349.9,282.7,328.2,366,364,396.6,380.5,336,375.1,450.8,541.4,690.7,604.5,544.9,468.9,393.2,504.6
16,Idaho,2.4,2,3,2.5,4,2,3,4.3,2.3,1.9,4.6,3.3,3.8,2.6,5.6,5.2,5.3,5.5,5.4,5.4,3.1,4.5,2.5,3.5,3.4,2.2,3.2,3.1,3.6,2.6,2.7,1.8,3.5,2.9,3.5,4.1,3.6,3.2,2.9,2,1.2,7.2,6.4,3.6,5.5,5.9,5.5,9.5,8.7,8.4,10,12.3,10.5,15.6,14.2,16,16.1,18.7,19.4,19.2,20.6,22.4,20.6,16.6,18.3,18.7,19.1,20,17.5,17.9,23.3,27.3,28.9,31.8,35.3,27.9,28.4,26.3,28.9,31.4,33.3,29.7,13.8,9.4,9,12.2,10.3,10.1,7.8,10.9,11.8,16.7,20.5,22.3,20.6,26.9,37.9,42,40,39.6,40,43.3,46.8,37.7,30.3,27.3,24.4,26.8,21.3,24.2,20.2,15,15,20.7,21.5,16.9,18.4,24,20.3,19.6,21.5,17.8,17.2,14.8,14.6,17.9,30.6,57.4,53.6,46.1,44.5,51.1,83.6,85.8,89.2,103.4,120.5,123.8,140.4,162.8,172.5,171.9,219.4,241.1,220.4,209.8,189.6,188.8,186.8,178,169.3,193,213.8,230.7,238.9,224.7,226.7,235.9,265.5,217,205,226.4,191.8,204.3,301.4,322.1,352.1,337.3,330.2,358.8,389.9,405.9,470.6,590,673.6,741.8,754.6,848.8,1001.8,1063,1036.7,1050.8,1038.4,1075,1238.9,1173.6,1031.9,930.8,874.2,887.3,1003.5,976.8,870,872.1,813.2,826,743.6,668.8,719.1,779.8,709.1,758.3,693.1,610.3,566.5,1331.4,1394.7,1423.9,1394,1445.1,1450.1,1451.9,1318.6,1459.1,1894.6,2213.7,2473.9,2338.4,2237.8,2683.5,2651.3,2776.9,2599.6,2496.2,2605.2,2993,2859.5,2617.2,2525.7,2411.4,2604,2799.7,2797.9,2692,2645.5,2802.7,2901.2,2813.8,2711.1,2877.1,3057.6,2848.8,2709.4,2553.7,2142.5,2206,100,113,118.9,98.2,96.8,102.3,103.2,112.9,118.2,131.5,144.2,166.5,183.9,207,214,223,230.2,237.6,243.7,271.8,236.9,214.3,174.9,170.6,150.7,182,181.3,167.4,176.3,158.8,165.5,178.3,157.4,183.4,195.1,242,187.5,200.7,185.7,151.6,161.2
17,Illinois,4.9,4.8,5.3,5.1,5.5,5.2,6.9,7.3,8.1,8.6,9.6,9.6,8.8,10.4,11.8,10.6,10.3,9.9,9.9,10.7,10.6,10.5,8.8,9.7,9,8,8.9,8.3,8.6,9,10.3,11.3,11.4,11.4,11.7,10.3,10,9.2,8.4,7.7,7.2,17.6,17.2,18.6,13.9,15,16,16.6,17.9,16.4,19.1,20.4,21.6,23.3,24,27.7,25.7,24.6,26.1,28,33,34.8,32.4,29.9,31.5,31.2,39.3,41.2,38.4,38.5,35.7,39.4,40,37.1,34.6,33.3,36.5,38.4,37.1,34,35.4,32.9,208.8,204.5,201.5,188.5,182.3,164.7,184.9,200.9,211.5,236.7,251.1,258.1,260.1,272.8,313.4,325.8,287.1,280.3,292.9,321.1,367,373.2,346.8,318.9,303.8,287.1,325.3,314.3,312.7,335.7,394,456.1,412.5,381.2,372.6,330.8,279.4,278.4,248.5,217.4,207.4,133.8,135.7,158.3,122.7,149.2,136.7,156.4,168.3,172,184,186.8,187.9,215.9,248.7,274.2,308.1,303.7,314.3,345.9,379.2,395.6,376.3,388.8,368,380.9,380.3,433.5,435.2,450.6,465.4,523.6,531.8,516.4,532.6,543.3,618.5,562.6,536.7,516.9,428.9,409.3,577.7,586.9,555.7,541.3,547.4,550.2,560.5,608.5,683.6,738.7,765.4,836.7,846.1,1025.1,1264.2,1409.7,1258.4,1257,1350.7,1440.6,1559.6,1511.5,1373.8,1292.4,1173.4,1135.8,1179.8,1123.7,1128.7,1076,1063,1120,1077.3,1015.5,1005.1,917.6,913.2,870.5,811.9,711.7,659.6,1045.7,1140.6,1235,1332.1,1380.3,1293.1,1418.6,1486.1,1705.2,1806.8,2028.4,2095.6,1994,2236.2,2761.5,3030,2991.8,2828.5,2969.9,3170.6,3252.5,3201.2,3093.2,2952,2820.3,2869.8,2937.9,2957.1,3076.5,3109.9,3262,3317.5,3091.9,3084,3096.4,3019,3026.2,2943.3,2799.4,2646.4,2517.8,353.3,354.8,371.7,381.6,405.7,379.9,415.3,421.7,441,474.5,517.8,475.8,443,507.7,531.4,593.5,579.3,611.7,622.5,676,649,610.5,599,569,585.6,590.9,628.3,539.5,605.3,607.4,642.8,655.3,618.8,558.7,563.5,523,490.2,465.9,439.5,467.2,452.1
18,Indiana,4.4,4.1,3.5,2.8,3,3.5,4,3.8,4.8,5,4.9,5.3,6.1,7.3,8,8.5,7.1,7.4,6.2,8.3,8.9,7.1,6.5,5.2,5.5,5.8,6,5.6,6.4,6.3,6.2,7.5,8.2,7.5,7.9,8,7.2,7.3,7.7,6.6,5.8,5.1,5.3,6.1,8.1,10.5,10.6,10.6,12.7,14.6,16.9,19.9,19.4,22.5,23.3,23.5,24.3,23.2,26.5,27,31.1,33.1,29.6,27.8,27.5,25,24,25.9,29.1,31,32.3,37.9,41.3,42.4,39.1,35.6,33.3,34.1,32.9,33.1,27,28.9,34.5,38.8,38.5,47.3,58.1,57.4,62.8,78.7,101,93.6,110.3,126,111.1,108.8,134.4,156.8,128.8,123.2,121.4,132.7,141.4,129,109,99.9,98.9,92.1,90,88.6,89,101.4,101.3,116,122.2,119.8,130.2,135.2,124.1,132.4,111.2,109.3,103.3,40.6,37.6,40.7,44.5,64.5,65.6,68.9,67.8,81.4,82.7,99.6,96.3,105.4,118.2,127.3,143.3,156.3,153.5,168.8,165.9,194.5,176,157.2,151.1,175.9,187.5,185.9,205.2,253.5,266.5,328.4,340.5,335.7,322.6,351.5,348.3,371.6,342.1,279,231.7,211.1,460.8,470.4,470.5,538.9,534.7,556.4,627.5,701.5,743.9,819,925.8,969,948.4,1035.8,1254.6,1376.4,1215.6,1086.2,1108.3,1169.9,1313.3,1168.8,1088.8,988.3,928,914.6,886.7,946.7,935.2,969.1,943.3,977.1,952.1,852,850.5,821.6,783.8,821.7,789.2,714.5,676.1,840.7,899.6,1049.3,1195.7,1287,1230.6,1286.7,1389.3,1562.5,1677.8,1874.2,1903.9,1850.7,2043.3,2396,2813.9,2769.9,2498.7,2495.7,2660.5,2807.1,2690,2713.5,2535.7,2345.2,2361.5,2332.9,2490,2481.3,2673.2,2827.1,2870.6,2776.1,2695.9,2782.4,2819.5,2752.6,2701.9,2590.1,2335.4,2379.9,167.6,176.8,194.1,213,225.6,246.5,275.5,338.9,411.9,394.5,450.3,402.7,365.5,389.9,393,388.3,372.4,377.4,411.1,433,432.2,339.3,326.6,322.1,351,328.5,327.5,354.5,353.5,391.1,439,464.8,450.3,428.1,434.8,465.7,424.9,428,359.2,341.4,346.8
19,Iowa,0.6,1.3,1.1,1.3,1.3,1.3,1.6,1.5,1.7,1.4,1.9,1.8,1.7,2.2,1.9,2.5,2.3,2.3,2.6,2.2,2.2,2.6,2.3,2.3,2,1.9,1.8,2.1,1.7,1.9,1.9,2,1.6,2.3,1.7,1.8,1.9,1.8,1.9,1.5,1.6,3.7,2.9,3.8,3.6,5,4.5,4.8,5.6,6.8,6.4,6.2,8.9,8.6,11.3,10.1,10.3,10.7,10.6,10.4,11,14.3,13.4,12.5,12.6,12.9,12.6,12.5,11.9,15.7,16.2,18.4,20.9,18.8,24.4,23.5,21.8,19.7,20.3,25.4,27.2,23.1,10.9,10.5,8.6,9.1,11.2,12.8,12.8,21,25,22.4,28.5,30.4,26.7,32.9,48.7,53.5,41.1,41.2,46.9,50.2,54.9,53.6,36.2,41,38.3,41.2,42,36.2,39.9,39,39.2,45,39.6,53.9,46.9,53,45.1,55.9,50.9,36.6,36.6,8.6,8.5,6.7,8.7,19,20.1,25,30.3,35,38.8,42.8,57.8,50.3,55.9,60.4,74.4,78.7,89.8,101.6,117.7,129,134.5,121.8,125.2,145.5,156.1,178.8,181.1,199.5,209.2,240.1,235.4,218,244.8,243,277.8,205.9,232,233.3,214.7,205.1,231.2,228.7,263.8,270.4,290.4,304.3,336.5,431.6,474.1,489.1,507.3,531.6,521.6,634,791.5,818.5,827.1,812.5,870.6,922.1,1079.5,1067.5,947.8,915.6,871.4,913.6,956,917.8,854.3,846.9,808.4,832.5,753.8,730.7,667.1,757.5,664.6,771.5,673.7,593,558.4,792.9,759.1,780.3,804.8,933.7,950,1131.2,1235.8,1436.5,1516.9,1743.4,1841.8,1753.7,1904.6,2282.1,2719.8,2884.6,2685.1,2712.9,2928.8,3219.1,3221.7,2842.3,2664.4,2571.1,2664.2,2801.3,2840.1,2803.4,2809.9,2822.9,2827.5,2766.3,2599.4,2492.3,2767.2,2520.8,2500,2306.6,2172,2225.2,76,69.8,73.4,81.5,95.8,104.7,131.9,155.2,164.6,177.5,175,153.3,169.1,190.7,219.1,229.7,206.9,219.9,235.1,269.7,247.8,223.2,173.7,157.9,158.4,153.4,158.3,151.1,162.2,158.3,169.9,170.7,159.1,190.8,180.1,222.8,191.1,234.3,208.7,179,183.6
20,Kansas,2.9,1.9,2.8,2.6,3.4,2.7,3.5,4,3.7,3.5,4.8,5.1,4,6,6.9,5.4,4.5,6.6,5.7,5.5,6.9,6.3,5.7,5.6,3.7,4.9,4.4,4.4,3.4,5.5,4,6.1,6,6.4,6.7,6.2,6.6,6,6.6,6,6.3,5,5.4,6.6,6.7,11.1,9.1,8.9,10.7,13.2,15.1,14.5,15.9,17.8,18,19.7,17.2,21.9,22,25,26.4,31.5,30.8,24.8,25.9,27.4,29.3,32.9,32.6,31.3,36.5,40.4,44.8,41.3,40.1,41.3,36.6,42.6,42.4,42.9,40.1,38,18.8,21,21.6,29.1,28,24,29.6,42.2,47.5,54.8,75.1,65.7,68.9,78.1,107.8,92.8,85.8,100.7,93.7,102.3,113.1,109.7,87,84,71.6,78.7,79.6,82.1,85.9,99.8,117.6,138.4,129.9,123.6,115.1,108.2,96.3,93.3,87,77.1,76.2,31.6,30.2,35.5,44,73.2,71.2,69.9,86,85.8,93.5,108.5,127.8,119.1,115.3,141.9,162.8,170.4,180.5,193.8,219.4,237.8,222.6,218.4,211,231.5,242.7,251.9,241.6,244.6,259.1,285.7,310.3,333.7,326.3,279.9,269.8,268.3,267.6,280.9,259.5,269,353.7,331.6,339.4,370.1,432.6,467.5,476.1,598.2,615.6,693.3,881.7,888.6,906.6,1030.5,1268.6,1369.5,1325.5,1270.4,1286.8,1329.8,1521.4,1544.2,1344.8,1167.8,1049.1,1050.6,1187.7,1138,1179,1188.7,1166.5,1306.7,1293.7,1132.2,1121.2,1068.4,981.3,970.6,950.3,824.2,799.1,895.8,946.4,1059.7,1081.7,1286,1293,1366.3,1548.6,1752.2,2049.9,2302.5,2148.4,2056.4,2055.3,2516.9,2862.8,2938.1,2739.3,2691.4,2938.9,3196.4,3235.6,3048.8,2834.4,2749.3,2752.4,3008.1,3152,3093.2,3096,3243.5,3377.1,3191.7,3024,2954.5,3074.3,3038.3,2933.5,3245.7,3003.8,2978.6,87.2,85.7,102.3,108,139.6,122.7,147.8,184.9,205.5,228,256.6,243.8,232,210.5,238.6,236.4,232.3,244.3,247.7,273.5,271.7,255.1,222.5,201,206.8,216.4,258,253.2,242.5,297.4,335.4,351,323.8,322.7,328.2,323.5,248.4,250.1,258.7,227.9,241.6
21,Kentucky,6.7,6.5,6.5,5.6,5.2,5.3,7,7.2,8.9,10.4,11.1,10.9,9.8,9.7,10.3,10.2,10.6,10.1,9,9.5,8.8,8.4,9.7,9.8,6.6,6.9,6.7,7.5,6.2,7.9,7.2,6.8,5.8,6.6,6.4,7.2,5.9,5.8,6,5.1,4.8,5.4,4.7,5.7,5.4,8,6.6,8.3,9.1,10.2,11.4,13.7,14.9,15.7,16.3,17.6,15.4,17.8,19.1,20.7,20.4,19.2,20.9,20,22,22.2,21.6,23.1,21,22.4,24.6,29,35.4,32.2,34.3,35.3,31.9,31.7,33.4,28.1,29,27,32.9,35.3,36.4,35.8,36.1,36.7,42.8,47.1,60.1,69.2,72.8,77.4,83.2,85.1,92.3,103.2,98.7,81.1,81.3,92.1,95.2,100.7,97.3,87.1,70.7,75.7,82.5,90.2,74.3,76.1,69.1,83.1,87.2,90.4,93.9,103.7,93.8,90.7,88.1,78.4,80.6,52.3,48,47.5,45.3,61,60.4,73.5,77.2,85.4,86.7,124.7,131.9,117.1,109.1,113.7,135.3,135.1,123.3,112.1,126.1,143.5,159.5,188,203.3,178.4,201.3,222.2,219.1,227.3,248.3,285.2,312.7,410.4,331.4,308.4,222,189.2,187,205.7,195.8,182.2,371.1,366.4,415.6,436.4,461.3,444.8,482.6,482.9,522.5,569.3,703.9,719,650.2,679.7,830.1,962.8,930.2,872.2,884.6,909.6,1040.8,1062.4,1029.1,977,785.2,771.3,824.2,847.1,826.3,819.1,766.9,796.6,729.1,740.1,750.4,735.5,688.4,681.6,711.3,635.7,626.2,619.8,630.8,703.8,780.6,868.3,884.3,896.4,950.9,971.7,1072,1211.5,1195.4,1075.9,1139.2,1466.8,1774.2,1857.7,1662.1,1664.7,1770.1,1875.5,1944.7,1991.3,1920.4,1715.3,1677.2,1740.4,1892.5,1792.8,1921.4,1942.7,1909.1,1842.5,1840.7,1919.2,1992.4,1896.3,1880.4,1828.5,1785.4,1809.6,124.5,108.3,115.8,128.1,143.3,151.7,227.7,281.8,332.2,345.9,346.3,332.3,281.8,226.2,228.8,263.4,246.8,245.4,250.6,256.2,250.7,235,233.1,215.2,180.2,193.2,193.2,192.7,185.5,219.8,199.4,214.6,216.5,216.2,223.6,259.1,261.1,248.1,247.8,223.9,229.5
22,Louisiana,8.3,6.4,6.8,6.9,8.3,8.1,9.9,9.3,9.5,9.5,11.7,11.1,13.2,15.4,16,12.6,13.2,15.5,15.8,16.9,15.7,15.6,16,14.2,12.9,10.9,12.8,11.1,11.6,14.9,17.2,16.9,17.4,20.3,19.8,17,17.5,15.7,12.8,10.7,12.5,8.6,8,6.8,6.2,11.1,11.1,16.6,16.5,16.4,22.1,23.1,23.7,23,22.2,25.2,23.7,26.8,30.9,34.8,38.6,44.5,41.4,39.9,39.9,41.8,39.8,40.1,35.9,38.5,38.2,42.2,40.9,42.3,42.3,44.6,42.7,41.5,41.3,36.8,33.1,33.5,45.6,44.4,39,42.3,53.3,51.3,66.8,82.1,90.3,102.6,140.8,135.1,133.4,138.6,156.3,153.1,124.3,142.9,173.7,219.4,197,202,212.6,190,190.5,190.3,223.8,179,209,237.3,269.8,278.9,271.4,283.6,267.2,268.6,276.6,239.1,198,173.6,168.5,90.8,76.9,84.7,114.2,133.2,132.6,147.9,167.2,198.4,226,237.8,243.2,252.8,249.3,275.1,289,308.5,335.5,360.7,401.4,407.8,379.2,400.6,396.8,432.8,453.3,481.6,467,458.3,491.4,569.2,614.3,653.4,715.4,650.3,679,593.5,559.7,531.9,515.2,466.6,387.3,336.6,327.1,395.8,482.4,452.3,578.5,656.2,678,694.6,890,911.9,903.1,962.1,1045.7,1114.6,1140.6,1165.5,1275.5,1396.8,1523.9,1434.5,1424.8,1292.5,1226.2,1323.9,1460.8,1444.5,1444.4,1464.7,1437.9,1411.5,1366.3,1368.3,1279,1231.7,1295.8,1239.3,1172.1,1092.7,1035.8,764.3,614.4,683.5,791.3,901.6,913.3,1073.7,1176.3,1232.1,1373.1,1627.7,1729.4,1700.6,1690.4,1956.2,2191.8,2447,2469.9,2570.3,2877.7,2888.4,2832.9,2881.7,2782.6,2898.9,3163.1,3417.4,3323.2,3148,3473.5,3548.6,3488.6,3567.5,3802.9,3802.6,3838.5,3982.3,3748,3605.1,3425.2,3229.9,190.4,169.6,184.3,198.1,230.9,202.5,264.8,281.3,282.6,324.2,384.7,401.7,356.4,324.9,341.7,338.5,300.6,337.7,361.6,407.9,376.5,362,335.6,310.6,307.5,382.3,441.6,412.5,450.9,521.3,601.7,573.4,628.1,613.7,607.6,598.4,631.6,606,541.6,496.2,475.9
23,Maine,1.7,1.6,1.4,1.9,1.5,2.1,2.2,0.4,3,1.6,1.5,2,5.3,2.1,2.9,2.8,2.7,2.4,2.7,2.8,2.8,3.2,2.1,2.1,1.7,2.4,2,2.5,3.1,3.2,2.4,1.2,1.7,1.6,2.3,2,2,2,2.1,2,1.2,5,5.8,2.8,3.7,7.8,4.3,4.9,6,6.7,5.9,7,7.4,7.8,7.8,8.7,10.4,9.9,13.5,11.1,11.9,12.9,12.8,13.4,16.8,13.4,14.3,14.8,15.7,18.6,18.7,19.7,21.9,23.8,26.6,25.6,21.4,20.9,20.5,18.1,19.1,25.1,7.9,8.8,7.8,6.5,7.6,4,5.9,9.7,8.8,11.3,12.6,14.4,21.1,20.7,27.9,36.4,37.9,38.7,32.9,31.8,30.8,32.5,30.5,27.1,26.4,24.4,27.9,25.6,25.8,24,25.1,22.7,23.3,21.3,22.4,26.9,23.5,20.7,21.1,19.4,19.4,15.3,17.4,15.7,19,34.3,33.5,36.4,47.8,46.2,56,68.1,66.3,76.9,91.7,98.1,169.8,169.4,170,161,155.9,146.8,147.1,117,113.5,117,126.4,102.3,108.3,110,91.2,96,86.3,82,76.3,79.6,81.1,78.5,77.6,84.6,71.6,63.9,278.8,299.3,307.6,302.6,372.9,404.9,364,457.6,513.7,580,638.5,750.6,792.5,973.4,1318.9,1361.5,1313.2,1253.1,1241.2,1147.9,1182.8,1243.9,1047,996.1,888.1,911.3,803.5,770.7,816.9,802.8,823,902.5,822.3,719,720.8,726.4,748.4,663.5,666.8,601.1,531.4,756.7,705.8,766.1,737.9,866.8,873.2,907.1,990.4,970.1,1142.7,1179.6,1327.8,1524.6,1566.8,1946,2167.9,2337.5,2350.7,2436.2,2719.1,2772.3,2610,2459.2,2357.9,2319.3,2427.8,2346.5,2436.1,2398.7,2460.5,2554.9,2569.8,2426.4,2174.7,2278.8,2292,2377.9,2215.2,2126.8,2026.5,1875.1,123,76,89.7,101.6,111.2,94,106.6,111.1,133.7,143.6,152.6,147.8,162.4,179.8,197.7,210.8,213.7,246.9,253.3,237.9,219.1,193.8,190.6,167.5,161.4,165.1,164.2,173.4,204.7,183.2,176.6,163.3,144,134.4,143.2,134.8,142.9,132.2,121.3,135.2,103.7
24,Maryland,5.4,4.5,5.7,6.3,6.7,6.7,7,8,9.3,9.3,9.2,11.2,12.5,11.3,11.7,10.7,8.5,8,8.2,9.8,9.5,9.9,10.1,8.5,8.1,7.9,9,9.6,9.7,11.6,11.5,11.7,12.1,12.7,11.6,11.8,11.6,9.9,10,9,8.1,7.2,8.2,8.7,9.4,10.1,13.9,15.3,19.6,26,29.9,23.9,24.9,26,27.8,29.8,31.5,32,34.8,35.6,39.4,40.1,38.8,37.4,32.8,37.7,38.7,43.6,39.6,37.1,38,45.7,45.9,46.4,44,40.7,42.2,37.6,35.6,33.4,30,29.1,37.3,41.7,42,52.3,59.5,82.9,123.7,212.1,275.6,294.4,338.6,325.4,324.1,301.6,360.6,344.2,295.5,292.1,309.6,331.2,392.7,424.4,360.5,347.4,301.1,302.2,304,290.3,301.3,332.1,363.8,407.1,429,434.7,402.5,423.1,393.2,336.8,298.7,263.7,256,101.3,101.1,97.6,92.6,140.7,181.5,164.9,234.5,312,311.7,253.3,259.9,288.6,300.4,316.9,323.4,297.4,358.9,378.6,415.2,410.1,414,441.9,418.4,445.3,485.8,476.4,428.3,458.7,473.7,497.9,491.5,512.6,506.4,493.3,509.7,488.8,464.4,454.5,440.7,493.3,366.4,387.3,403.8,485.5,545.9,638.6,754.3,1014.8,1301.2,1114.7,1051.2,1122.5,1111.7,1144.6,1402.9,1413.2,1359.9,1400,1421.8,1509.5,1698,1660.2,1419.6,1224.4,1183.8,1206.6,1245.6,1162.5,1178.6,1123.5,1119.9,1157.6,1131.2,1132.8,1043.4,1057.5,992.3,940.7,922.9,835.8,744.4,968.3,1049.6,1137.5,1258.3,1354.1,1529.7,1668.1,1932.3,2050.6,2220.7,2417.3,2528.5,2331.6,2457.9,2944.8,3267.6,3242.2,3177.7,3235,3502,3629.2,3576.7,3350.6,2961,2841.3,2870.6,2977.9,2965.5,3047.1,2919.5,3082.9,3364.7,3366.8,3292.5,3368.1,3532.8,3427,3263.8,3096.8,2848,2745.7,184.1,197.5,195.1,237.6,270,306,430.2,489.1,605,592.6,547.6,526.8,534.2,547.8,583.3,516.9,428.9,428.5,424.8,487.6,450.5,433.7,392.1,364.5,397.2,461,545.2,581.8,672.1,664.2,708.7,730.8,726.4,683.4,763,717.6,711.4,602,549.4,492,539.5
25,Massachusetts,1.4,1.5,1.8,1.9,2,2.4,2.4,2.8,3.5,3.5,3.5,3.8,3.7,4.4,4.4,4.2,3.3,3.1,3.7,3.7,4.1,3.6,3.8,3.5,3.6,3.5,3.6,3,3.5,4.3,4,4.2,3.6,3.9,3.5,3.6,2.6,1.9,2,2,2,4.8,5.6,5,4.5,6,5.4,6.4,7.6,9.5,10.8,12,12.4,13.5,16.3,15.6,19.2,17.7,20.8,22.6,24.8,27.3,27.4,25.3,25.9,28.1,29.8,29.7,31.9,32,31.8,33.7,32.1,36.1,33.4,30.2,29,29,26.9,27.4,26.9,26.7,20.4,20.4,25.8,27,30.6,40,46,52,74.3,90.6,99.5,140.1,152.8,182,212.4,227,180.2,169.9,172.3,203.2,235.5,270.9,213.8,208.5,174.6,188.5,192.7,177.3,176.3,202.6,217.1,194.6,184.4,175.7,168.2,150.4,127.7,109.1,96.6,96,91.6,22.1,25.7,29.5,32.7,46.8,50.7,60.5,65.2,76.7,82.9,87.9,109.6,125.2,149.3,156.3,192.2,198,231.6,263.3,299.6,334.4,326.7,328.5,338.9,317.4,316.5,330.9,352.5,407.8,436.3,481.4,505.2,555,592,505.7,504.2,482.9,506.2,495.2,426,355.9,309.2,376.1,410.4,443.1,529.7,554.5,619.1,675.5,868.3,1032.6,1134.1,1339.8,1242.3,1330.3,1549.8,1712.5,1662.1,1532.2,1515.1,1604.6,1740.4,1647.8,1422.1,1253.5,1099.6,1120.4,1070.9,1059.9,1061.3,1065.5,1112.7,1167.1,1072.3,1001.7,881,817.7,704.1,661.8,607.3,533.8,482,650.1,762,853.5,850.6,920.4,934.9,989.1,1011.6,1229,1399.3,1531.2,1756.9,1597.1,1729.2,2078.8,2351.7,2446.8,2311.3,2277.8,2637.1,2685.8,2559.6,2541.7,2321.5,2125.1,2234.4,2189.1,2185.1,2417.5,2484.8,2525.3,2500.5,2361,2271.3,2151.3,2232.2,1962.6,1887.8,1777.7,1762.7,1660.5,211.1,271.6,303.6,366,452.1,533.5,551.8,667.4,806.6,858.8,878.1,984.9,972.4,1109.6,1365.6,1571.1,1312.7,1140.1,1095.6,1144.9,1051.6,999.3,968.6,858.9,840,864.8,906.5,924.2,892.5,910.7,923.6,918.7,790.5,816.1,701,604.5,528.2,481.4,429.5,415,407.6
26,Michigan,4.5,4.1,3.4,3.5,3.5,4.6,5,6.5,7.7,8.8,9.4,10.5,11,12.1,13,11.9,11.1,9.3,10.6,9.1,10.2,9.4,9.1,10,9.7,11.2,11.3,12.2,10.8,10.7,10.4,10.8,9.9,9.8,9.8,8.5,7.5,7.8,7.3,7,6.7,14.5,13.7,14.2,15,19.8,24,28.2,26.6,31.3,32.3,27.1,26.7,29.3,35.1,37.1,38.1,36.1,38.9,39.6,44.5,46.6,47.5,46.6,56.1,64.8,67.6,67.4,67.2,69.5,71.4,77.6,78.7,80,71.1,70.8,62,57,51.9,50.4,49.2,50.6,93.7,81,96.5,103.4,113.1,132.1,155.1,188.6,209.6,265.1,346.6,330.1,289.3,282.7,337.2,353.1,332.6,261.9,219.3,219.6,244,257.5,271.1,285.3,306.7,292.4,301.3,276.5,241.1,222.3,234,243.3,221.5,238.5,228.9,187.3,176.2,152.8,155.8,143,138,105,108.6,112.5,105.7,124.9,137,143.8,167.3,178.2,196.3,192.7,207.3,225.6,255.2,272,282.7,266.1,274.6,307.7,341.1,338.6,327.6,329.7,365.3,378.9,362.9,423.9,424.2,420.3,404.7,468.4,470.3,458.6,472.1,456.7,430.1,394.6,377.5,407.3,375.7,359.7,725.1,724.8,721.3,725.5,789.8,867.5,984,1160.6,1163.2,1315.5,1570.7,1686.7,1582.3,1584.6,1903.9,1891.8,1668.5,1522.7,1444.3,1507.5,1741.3,1862.1,1813.1,1691.9,1644.2,1527.2,1509.5,1452.2,1314.6,1224.8,1143.3,1186.2,1041.2,982.7,967.2,909.7,895.4,825.9,837.8,777.9,702.2,1536.9,1583.7,1633.1,1797.2,1875.9,1830.3,2038.7,2123.5,2150.5,2485,2897.1,2956,2752,2771.3,3331.6,3572.9,3550.6,3159,3046.7,3423.2,3710.2,3714.9,3623.1,3331.3,3285.9,3277.1,3377.7,3472.5,3287,3311.7,3347.4,3469.1,3173.5,3063.2,3055.7,2939.7,2886.3,2832.6,2630,2396.1,2291.9,179.5,176.3,199.4,225.8,262.3,323.6,353.5,389,430.2,501.2,464,497.9,473.9,548.3,624.7,649.9,613.1,545.5,525.9,602.1,584.9,635.2,691.7,737.6,865.9,827.8,800.4,752,741.1,722.6,713.7,679.7,625.8,615,656.1,645.5,700.5,668.4,594.3,575.8,560.7
27,Minnesota,1.2,1,0.9,1.2,1.4,1.4,2.2,1.6,2.2,1.9,2,2.4,2.4,2.7,3,3.3,2.3,2.7,2,2.3,2.6,2.1,2.3,1.7,1.8,2.1,2.5,2.6,2.9,2.5,2.7,3,3.3,3.4,3.2,3.9,3.6,2.8,2.6,2.8,3.1,2.4,2.7,3.6,2.6,4.5,5.2,7.3,8.6,10.9,11.5,9.7,12.1,14.7,14.9,17.7,18.6,18.3,19.5,19.9,21.5,23.2,25.8,22.7,22.4,25.3,29.6,31.8,33.9,31,31.3,34,39.8,41.1,61.9,59.7,56.2,50,52.2,49.9,42.7,45.5,27.8,27.4,29.6,33.9,36.5,40.3,49.4,67.1,81.2,81.5,89.1,77,84.4,88.7,104.1,103.6,80.4,85.9,85.1,92.5,99.1,104.3,101.3,79.6,71.1,85.8,102,102.5,94.7,94.8,92.7,98,109.5,112.7,117.6,123.7,115.6,114.7,92.5,82,75.5,10.6,12.3,14.1,19,31.5,39.5,44.4,54.7,45.9,47.1,51.2,62.9,72.9,71.5,82.5,81.4,87.9,85.8,82.6,104.8,102.9,96.3,92.9,87.2,113.3,138.9,148.3,146.3,161.4,159.6,176.7,175.3,184.1,175.8,178.6,172.2,169.7,168.1,165.2,146.5,156.7,370.4,381.1,383.1,404.6,534.9,530.5,579.2,704.4,801.8,779.4,801.7,881.7,927.2,1016.4,1121.8,1193.1,1122.1,1134.7,1093.7,1112.9,1246,1277.6,1182.1,1075.6,990.9,1017.5,1004.2,1068.9,909.6,896.9,907.2,853.6,889.7,844.5,791.7,797.3,762.5,752.6,687.5,580.1,530.9,916.9,892.5,972.1,1087.9,1209.3,1192.8,1305.5,1464.4,1670.2,1771,1901.5,2157.7,1915.1,2004.7,2228.2,2516.1,2672.8,2559.3,2536.1,2729.7,3029.9,2978.8,2815.8,2558.7,2432.5,2598.5,2785.3,2960.1,2775.8,2818.1,2959.9,2963.2,3007.8,2872,2875.9,3002.5,2977.1,2942.2,2723.6,2465.2,2403.7,136.7,134.6,143.7,147.8,181.3,201.6,246.3,292.4,351.1,384.3,345.7,343.1,337.3,336.7,373.7,382.5,347.1,343.1,324.7,329.2,295.9,251.8,237.6,209,206.6,261.9,288.1,301.4,339.3,379.9,365.6,363.4,355.2,342.6,314.3,341.5,384.8,381.3,325.2,278,273
28,Mississippi,10,10.3,7.3,7.2,10.1,8.9,9.7,8.7,9.9,8.1,11.5,14.7,15.4,16.1,12.9,13.9,12.5,14.3,12.6,12.6,14.5,12.6,14,11.2,9.7,10.6,11.2,10.2,8.6,9.7,12.2,12.8,12.2,13.5,15.3,12.9,11.1,13.1,11.4,7.7,9,5.1,5.8,4.3,4.3,9.4,6.9,8,5.5,7.6,9.1,8.9,13.7,17.5,17.1,17.4,16.5,16.3,19.6,21.8,21.7,24.6,26,26.5,23.8,27.5,26.7,25.8,29.2,36.2,38.8,44.1,46.3,44.6,42.6,45.4,39.1,36.1,39,37.3,41.7,35.8,14.9,15.6,8,8.3,20.6,14.4,13.3,10.6,13.2,14.6,19,35.9,39.9,46.8,48,54.6,64.1,65.7,70.2,70.7,81,81.4,73,63.8,60.5,62.6,64.6,57,77.2,78.3,86.2,116.3,124.5,139.3,162.5,130.9,134.2,137,123.3,111.6,95,72.6,70.9,73,57.9,137.9,139.9,119.6,89,114.3,110.1,139.8,212,240,259.1,256.5,230.9,202.5,189.1,216.6,218.6,221.7,184.6,181.1,181.6,184.3,171.1,172.4,173.3,203.3,184.4,198,213.7,230.4,238.4,270.5,319.9,306.8,279.9,238.6,188.2,221.1,204.7,212.3,227.5,186,266.1,285.5,238.4,257.8,313.7,316.5,351.2,444.7,540,593.8,755.7,784.2,811.3,915.6,846.3,973.7,1179.1,1170.5,1183.8,1023.5,980.1,1021.9,1075.9,1201.4,1281,1145.3,1251.2,1331.9,1282.8,1285.8,1292.4,1131.1,1132.4,1187.4,1144.5,1051.2,946.3,349.1,357.9,377.3,338,447.7,444.2,448.6,471.9,556.4,563.3,693.6,780,832,879.7,1034.5,1181.3,1239.4,1239.9,1235.6,1496.5,1717.8,1880.9,1940.6,1762,1653.3,1817,1845,1807,1820.3,1879.7,2070,2213.5,2251.4,2363.5,2646,2520.1,2551.5,2632.3,2490,2380.6,2452.2,48.3,59.2,54.9,49.2,54.9,77.3,59.6,56.7,72,72.9,78.4,99.4,120.5,113.8,124.1,129.3,122.2,144.4,151.8,166.8,178.4,181.3,153.6,142.1,144.5,156,150.1,160.5,166.4,179.2,207.6,286.3,336.5,335.1,405,360.5,350.8,341.6,338.7,488.7,245
29,Missouri,4.4,5.1,5.5,5.2,5.4,6.7,5.4,7.3,8.8,10.4,10.7,8.9,8.3,9,9.8,10.6,9.3,9.6,10.4,11.2,11.1,10.4,9.7,8.1,7.1,8.1,9.2,8.3,8,7.9,8.8,10.5,10.5,11.3,10.5,8.8,8.1,7.9,7.3,6.6,6.2,14.5,13.2,12.6,13.7,15,18.1,17.6,17.1,23.3,27.3,27.4,26.2,25.5,28.2,26.9,25.2,27.1,28.3,28,33.6,32.6,29.7,25.9,26.8,26.5,29.2,29.2,28.9,29.3,30.8,32.5,34,36.5,36.2,37,32.1,29.2,28.2,26.9,26.3,24.1,90.6,83.1,79.9,87.5,89.7,93.3,105.8,130.5,153.6,182.4,200.8,179.7,175.6,193.4,216.7,244.7,204.1,189,184,210.9,223.6,215.2,193,167.9,140.8,147.6,170.2,164.1,168.1,195,216.4,251.1,226.9,241.8,230.7,204,170.6,156.1,149.2,130.7,135.8,63.4,64.6,87.3,93,106.5,117.4,118.5,122.1,143.2,172.5,167,171.7,174,178.1,199,213.3,208.9,233.5,245.5,271.4,287.2,284.8,278,274.4,286.2,318.5,370,343.3,347.1,398.9,457.6,467.4,466.5,455.2,465.2,418.8,383.1,385.2,372.2,336.6,323.9,595.2,611.7,603.7,661.8,749.6,763,782.2,861.1,976.6,1118.8,1137,1167.1,1100.6,1234.8,1471.3,1512.6,1403.2,1318.3,1345.2,1446.7,1668.9,1583.1,1391.3,1217.2,1115.5,1098.7,1136.1,1111.3,1140.4,1135.8,1065.8,1253.3,1100.1,1025.5,1053,932.6,894.2,868.2,872.5,776.8,745,1019.7,1106.2,1317.9,1464.2,1677.5,1651.7,1606.3,1630.7,1832.3,2089.2,2073.9,1989.7,1978.8,2052.6,2437.3,2924.7,2794.9,2424.2,2345.5,2555.4,2795.1,2846.6,2714.3,2517.9,2391.2,2399.1,2500.5,2625.2,2717.4,2835.2,2800.2,2840.9,2759.3,2777.8,2998.9,3050.9,3151.1,2878,2948.4,2881.3,2851.3,184.8,167.9,202.1,240.3,259.5,262.1,284.6,355,446.4,578.5,537.8,502.2,470.5,445.4,427.1,466.7,386.6,378.4,368.8,410.6,414.6,381.4,335.8,317.5,329.7,364.8,438.9,426.3,434.4,523.6,539.4,558.5,497.4,547.7,512.3,473.3,447.7,490.9,449.8,420.3,441.4
30,Montana,3.9,2.5,2.1,2,2.7,1.7,2.8,2.4,3.3,3.6,3.2,4.4,2.5,6,4.2,5.2,5,5.4,4.8,4.2,4,3.4,3.9,3.7,4.4,5.8,2.9,4.1,2.6,2.9,4.9,2.6,2.9,3,3.3,4,3.9,4.8,2,2.5,1.8,7.1,7,7.3,8.3,7.5,7.8,9,10.3,7.2,11.1,10.5,14.1,10.8,16.4,12.2,14.3,13.5,16.7,15.8,20.6,21,22.1,14.9,19.8,20.6,19.2,17.3,19.8,16.8,18,24.4,19.8,25.5,27.9,27.2,26.6,27.1,19.5,26.7,33.2,33.4,27.6,25.4,19.9,20.7,15.6,15.9,17.8,21.4,18.2,22.2,22.3,28.7,33.2,36.3,35.6,41.4,35.6,39.2,36.8,33.1,34,38.1,33.1,23.5,27.4,20.9,19.5,24.2,22.6,17,21.7,18.6,26.9,32.4,32.7,29.1,29.7,20.4,26.4,27.1,27.6,28.6,32.1,25.7,27.6,54.2,47.5,42.6,49.8,59.3,61.4,75.5,90,103.5,108.7,110.3,128.6,126.2,156.8,180.1,166.3,163.6,189.4,173,165.6,185.2,162.5,117.6,103.1,81,78.2,108.4,98.9,114.6,114.2,113.9,111.7,100.3,87.5,149.1,174,177.9,396.4,418.9,414.8,478.1,472.1,452.8,496,522.3,567.8,561.8,593.7,654.9,708.2,755.6,887.9,875.1,841,804.9,786,803.3,950.6,966,843.8,908.2,858,827.5,792.6,806.1,703.6,691.7,709.1,523.6,643.9,714.2,721.7,581.6,558.4,569.1,519.9,439,437.4,1345.5,1311.9,1289.6,1375.1,1350.2,1426.6,1555.1,1635.2,1687.7,1813.7,1955.9,2169.8,2100,2241.7,2750.5,2814.8,2932.7,2773.2,2585.1,3121.8,3529.6,3519.4,3006.1,3294.7,3286.4,3238,3314,3404.3,3224,2964.3,3391.2,2778.3,3548.9,3652.1,3833.8,3769.8,3518.5,3459.7,3402.3,2644.7,2638.6,243.5,223.3,224.4,245.1,200.9,198,232.6,215.7,198.4,215.9,221.8,222,247,230.5,283,309.4,307.8,309.2,307.1,311.3,321.7,280.4,258.4,228.9,270.6,275.3,214.9,237.8,216.4,225.6,242.5,206.3,233.4,246.2,286.2,274.6,255.7,247.9,232.8,212.2,216.8
31,Nebraska,2.3,2.4,1.5,2,2.3,2.4,1.8,2.7,2.3,2.5,3,2.6,2.9,4.3,3.6,4.3,2.9,3.9,3,4.1,4.4,3.1,2,2.6,3.4,2.9,3.1,3.5,3.6,2.5,2.7,3.3,4.2,3.9,3.1,2.9,2.9,3,3.1,3.6,3.7,4.2,3.3,6.3,7,5.7,5.1,6.7,8.2,7.2,6.8,9.3,14,13.9,16.5,18.9,19.2,20.5,18.1,18.3,21.5,23.2,20.5,20.7,21.2,23.7,23.4,24.6,21.6,24,23.6,30,28.1,31.4,27.8,30.8,19.4,27.1,24.5,25.1,24.8,25.5,17.9,16.4,18.5,15.5,20.7,21.9,24.9,38.7,49.6,51.8,57.3,36,52.7,62.5,91,90.4,63,64.7,64.9,73.5,82.2,70.7,61.9,49.8,43.2,48.5,51.1,47.1,56.1,52,51.1,54,56.7,62.4,75.4,65.2,63.7,66.2,77.6,75.9,67,17.4,18.9,16.6,16,23.7,28.2,31.3,63.6,87.3,97.8,114.5,103.2,103.5,102.1,126.2,143.9,124.1,112.7,104.4,126.8,114.7,87.2,145,144,155.6,163.1,183.7,179,189.4,201.4,246.2,249.2,256.2,283.6,280.2,294.5,341.1,344.7,345.7,325.9,231.4,231.5,260.7,262.4,293.8,326.5,384.8,420.1,491.7,507.4,482.3,504.5,551.4,556.7,637.4,773.8,760.2,684.2,760,746.8,813.5,915.4,912.6,811.3,777,643.8,730.4,748.2,847.9,765.2,745.5,723.8,726.6,714.6,663.5,675.5,631.9,614.5,592.2,634,609.7,592,820.9,864.6,865.6,971.3,1074,1226.5,1267,1299.7,1451.8,1525.6,1572.5,1577.1,1637.2,1685.7,2053.5,2365,2433.7,2316.1,2287.2,2680.7,2921.6,2875.9,2732.1,2631.6,2482.9,2570.2,2677.3,2866.5,2912.8,2880.4,2981.1,3080.4,3060,2912.9,2991.2,3179.2,3045.7,2918.7,2971.7,2741.8,2870.3,125.4,115.6,121,125.4,148.8,162.8,173.8,188.2,302.4,284.5,291.9,254.6,261.6,302.7,277.5,231,233.5,249.1,216.8,272.9,243.6,207.5,177.9,161.4,144,156,167.6,165.9,188.8,186.2,178.2,212.6,200.8,326.8,384.2,351.4,342,334.4,348,326.5,305.6
32,Nevada,8.8,7,8.1,7.9,7.8,8.4,10.6,10.8,5.5,9,8.8,11.4,13.5,12.2,14.8,13,11.5,15.8,15.5,17.5,20,17.5,13.6,12.8,10.8,10.3,12.6,8.4,10.5,8.2,9.7,11.8,10.9,10.4,11.7,10.7,13.7,11.2,9.7,9.1,6.5,12.6,8,19.7,16.3,13.2,15.5,11.5,14.4,17.4,20.6,19.6,26.6,34,46,45.2,47.1,47.2,49.1,53.9,59.5,67.2,64.9,61.5,51.3,60.7,60.3,64.9,61.8,73.8,59.6,62.2,66,62.8,60.9,68.7,61.2,53.4,59.9,52.1,52.1,43,74,106,106.6,118.8,109.8,97.5,96.9,117.8,142.8,170.9,188.4,171.2,190.1,262,277.8,302.5,294.9,323.1,359.5,407.5,460.6,458,419.6,307.2,279,274.9,286.9,272.5,291.2,250.6,238.3,312.5,331.3,340.1,352.4,324.6,307.6,302.4,254.9,232.7,227.3,50.5,62.5,77.9,62.2,110,95.2,98.5,104.7,112.6,158.9,181.7,162.9,192,251.8,344.5,316,337.4,355,351.8,351,364.9,356.1,310.7,284,278,321.7,354.5,353,405.2,306.9,290.7,286.7,291.8,463.9,569.1,548.7,436.6,425.3,326.8,276.1,247.3,913.5,911,886.9,1147,1082.4,878,931.5,1066.2,1282.1,1366.5,1660.6,1505.9,1757.5,2149.8,2452.5,2447.1,2392.5,2453.1,2659.2,2820.4,2906.7,2727.3,2412.7,2011.4,1978.4,1849.6,1603.9,1629.4,1544.9,1404.8,1367.4,1403.9,1289.2,1245,1354.5,1322.5,1220.1,1310.4,1137.6,973.6,877.1,1989.3,2052.2,2105.7,2565.5,2415.7,2222.5,2091.2,2513.3,2451.9,2859.7,3044,2977.1,3099.6,3299.1,4086,4517.1,4717.4,4212.6,4245.2,4471.2,4356.3,4373.4,4117.9,3563.3,3458.6,3561.5,3489.2,3491.3,3528.4,3662.1,3502.7,3565.5,3520.3,3321.6,3561.6,3566.2,3262.3,3167.1,2711.3,2386.2,2208.2,391.9,473.6,503.6,672.6,516.9,437,385.2,476.8,449.7,560.2,660.7,606.3,563.4,611.1,606.1,510,505.2,559.2,601.7,704.4,678.4,594.8,564.9,471.4,495.5,496.4,477.7,555,599.2,579.6,592.5,652.3,697.4,738.3,759.4,745.4,698.3,788.3,788,723.8,659.2
33,New Hampshire,1.3,0.6,2.4,3.2,0.9,2.7,1.9,2,1.4,2.5,2,2.2,1.7,2.1,3.5,2.9,3.3,3.2,1.4,2.4,2.5,2.9,2.2,2,1,2.1,2.2,3,2.3,3.3,1.9,3.6,1.6,2,1.4,1.8,1.7,1.4,1.5,1.5,1.8,4.1,3.1,3.5,4.8,3.8,2.1,4.4,3.4,2.7,4,6,8.3,7,9.5,8.4,8.7,9.7,10.7,9.4,17.1,17.3,16.5,16.2,19.5,20.7,19.1,21.5,26.6,25.2,29.5,34.8,29.9,38.2,44.4,35.8,29,34.8,33.7,33.8,28.7,42.2,3,3.4,3.5,6.9,6.6,6.9,10.3,6.1,10.3,10.5,12.1,16.1,13.4,13.3,25.9,28.9,24.8,23.2,26.3,28.6,42,35.8,33.9,24.1,23.2,26.7,23.6,26.5,21.1,23.8,27.2,33,33,27.3,27.1,27.4,27.3,23.4,21.5,21.4,36.7,4.9,7.2,18.8,11.3,11.5,11.7,21.4,20.3,25.4,28.3,35.9,49.5,41.6,57.1,53.7,59.3,48.4,76,81.7,91.8,118,91.9,72.6,79.6,88.9,92.9,92.2,93.5,99.4,111.8,67.6,52.8,52.9,64.1,52.5,56.3,54.4,54.8,50.4,44.9,94.7,182.6,253.3,281.8,279.3,279.4,316.4,349.8,342.6,371.1,463.3,565.6,666.9,596.6,685,820.4,853.1,937.5,1041.7,1159.7,1199,1312.9,1186.1,945,821.9,735.9,762.3,755,694.8,682.7,736.9,735.5,735.4,621.9,515.1,463.9,418.6,435.7,393.2,325.1,307.9,404,436,464.4,604.6,534.9,580.6,624.2,647.7,632.4,745.7,858.7,928.6,1146.2,1206.1,1373.3,1973,2135.7,2335.3,2343.9,2483.4,2915,2877,2747.8,2535.8,2227.2,2079.2,2150.2,2207.9,2310.9,2275.7,2446.9,2534.2,2372.9,2138.1,2058,1957.8,1977.2,2118,1997.4,1863.2,1764.8,1680,57.8,73.3,85.1,91.1,83.9,87.7,102.5,111.8,141.3,143.2,172,184,124.8,189,259,258.1,252.3,293.4,305.6,324.9,309.9,240.9,223.7,182.1,188.6,198.6,227.7,216.5,227.7,244,244,220.3,194.9,194,202.5,145.1,151.6,135.8,124.4,112.7,173.8
34,New Jersey,2.7,2.5,3,2.8,3.1,3.2,3.5,3.9,5.1,5.2,5.7,5.8,6.5,7.4,6.8,6.8,5.2,5.6,5.4,6.6,6.9,7.3,6.5,5.3,5.3,5.4,5.2,4.6,5.3,5.1,5.6,5.2,5.1,5.3,5,5.1,4.2,4.2,4,3.5,3.4,7.3,7.3,8.2,8.7,9.1,8.9,9.3,9.7,11.3,12.8,12.9,14.5,16.9,18.8,19.7,18.9,19.9,21,23.6,27.8,30.7,32.1,28.9,30.3,32.5,32.1,33.2,33.4,33.7,31.7,29.8,29.1,30.7,28.1,24.9,24.3,24.7,21.5,20,17.3,16.1,42.7,38,45.1,52,57,55.4,63.7,82.5,123.6,135.1,169.4,220,210.1,206.2,216.6,222.6,200.3,180.4,192.6,250,303.7,334.6,307.6,269,242.4,255,268.7,232.8,245.2,273.3,301,293.1,285.2,296,288,283,235.8,210.6,186.2,174.9,161.1,61.6,59.3,69.8,73.3,87.2,86.3,85.4,92.4,96.1,87.9,99,121.8,140.8,159.4,160.3,164.6,171.4,185.1,201.9,216.8,263,256.7,264.4,248.4,247.4,252,265.4,270.3,298.6,299,311.1,307.3,304.8,297.5,296.2,287.4,266.7,256.4,230,216.1,203.2,423.6,469.7,510.3,556.3,600.8,621.7,712.9,861.4,1011.9,953,1041.4,1215.3,1194.3,1244.5,1429.4,1521.2,1504.2,1435.8,1456.3,1601.5,1878.2,1733.2,1430.7,1237.2,1062.8,1056.9,1070.8,1008.8,980.2,976.6,1017.2,1015.7,969.4,974,911.9,875.2,791.9,756.2,671.1,577.2,522,756.6,755,873,945.9,1018.7,976.9,1121.7,1262.5,1487.8,1515.6,1689.4,1807.7,1685.3,1873.4,2392.2,2672.5,2988.9,2774.5,2766.8,3021.7,3189.3,3132.6,3011.3,2768.9,2690.4,2828.7,2822.5,2866.3,2837.9,2764.7,2843,2854.9,2653.6,2486.1,2474.9,2597.1,2428.2,2297,2109.3,1976.9,1848.8,196.3,206.6,234.4,260.1,283.2,294.1,332,425.3,518.5,521,557.4,580.1,586.2,572.7,546.7,537.7,510.7,511.5,560.6,696.2,729.5,683.3,626.8,604.3,574.6,664.3,775.5,845.4,894.4,919.2,939.5,925.9,815.6,714,660,631.6,581.3,511.2,433.6,434.2,405.9
35,New Mexico,7.4,6.8,6.3,5.6,5.6,6.3,6.3,6.6,6.4,6.3,9.6,12,11.5,11.8,11.3,13.3,9.7,8.8,10.2,12.4,13.1,11.4,11.6,8.9,9.1,10.9,11.5,10.1,11.5,8.6,9.2,10.5,8.9,8,10.7,8.8,11.5,7.7,10.9,9.8,7.4,12.3,12.9,12.5,12.2,12.3,13.8,13.5,15.5,21.1,25.1,22.3,26.2,33.7,33.1,34.8,41,41,39.1,42.7,46.9,43.3,47.3,48.3,48,55,49.8,46.9,43.1,38.4,45.9,49.7,52.4,62.6,52.1,52.4,56.6,63.5,50.4,55.1,54.3,50.7,39.5,38.8,41.1,37.8,47.2,43.6,44.8,45.5,50.5,65.1,67.6,103.1,121.6,128.8,124.6,126.7,124.7,109.6,111.6,121,127.9,140.8,126.2,114,130.3,138.1,129.5,108.3,103.1,105.2,115.1,120.3,139.3,138.4,140.8,154.5,162.4,171.4,163.4,148.2,137.4,83.8,71.5,71.4,79.6,94.9,135.2,152.7,164.3,172.5,193.4,204.8,246.4,265,298.3,279.6,353.8,378.9,343.4,363.8,405.6,430.7,472.2,548.4,515.9,493.6,505.1,537.7,466.9,505.2,544.1,606.2,651.6,724.1,731.1,685.4,599.3,603.2,623.7,732,622.2,562.4,455.4,443.2,515.3,597.2,672.8,735,917.8,851.3,970.2,1230.8,1196.5,1417.1,1469.5,1501,1583.1,1728.7,1679.5,1418.7,1335.6,1481.5,1492.5,1613,1628.8,1559.2,1639.7,1753.9,1844.7,1787.7,1836.9,1711.1,1738.7,1723,1511.4,1421.2,1326.8,1447.1,1376.9,1452.4,1394,1234.5,1173.1,1524.8,1398.2,1383.2,1457.9,1598,1699.8,1856.3,1932,2245.5,2577.7,2532.4,2842.1,2667.5,2614.3,2873.4,3258.8,3651.5,3008.6,3002.7,3363.8,3521,3560.8,3929.5,3793.9,3595.2,3682.6,3712.4,3785.1,3721.3,3809,3828.5,3775.3,3609.9,3510.1,3466.9,3648.5,3802.6,3883.7,3743.9,3426,3184.4,263.4,221,224.4,232,239.4,225.9,272.2,255.2,330.7,414.2,402.8,458.7,379.6,344.9,306.1,317.2,329.5,259.5,313.8,357.2,350.6,355.1,314.9,306.3,320.5,345.7,343.3,345.5,389.9,349.9,336.7,346.3,377.9,405.1,504.8,513.2,582.2,717.2,619.9,467,403.6
36,New York,0,0,0,0,0,4.6,4.8,5.4,6.5,7.2,7.9,9.9,11,11.2,10.6,11,10.9,10.7,10.3,11.9,12.7,12.3,11.4,11.1,10.1,9.5,10.7,11.3,12.5,12.5,14.5,14.2,13.2,13.3,11.1,8.5,7.4,6,5.1,5,5,0,0,0,0,0,12.8,13.4,14.5,14,15.8,15.8,17.5,22.9,26.6,28.9,28.1,25.8,29.4,29.1,30.6,30.9,31.1,29.2,30,31.6,32.1,30.5,31.1,30.6,29.2,29.8,28.2,28.4,27.5,25.9,23.7,23,22.5,21.1,19.6,18.6,0,0,0,0,0,155.9,164.8,219.3,330.5,353.4,446.1,531.1,470.4,442.3,479.3,516,529.3,472.6,472.1,529.6,641.3,684,610.7,536.5,506.9,504.4,514.1,503.3,544.4,579.3,624.7,622.1,596.9,561.2,476.7,399.7,340,309.3,270.3,240.8,213.6,0,0,0,0,0,152,159.6,170.5,192.9,201.4,215.2,230.1,250.1,261.6,284.1,301.3,302.1,319.1,329.5,345.3,344.6,342.1,338.7,336.5,365.8,383.9,430.6,462.4,509.8,510.1,512,499.4,483.5,471.5,451.9,410,356.7,350.8,341.3,323.5,316.7,0,0,0,0,0,1015,1074.2,1195.2,1385.3,1356.2,1470.4,1488.2,1306.1,1348.2,1500.9,1666.6,1763.5,1728,1650.6,1746.9,2061.6,1991.7,1671.9,1410.1,1257.2,1235.1,1221.1,1216.4,1218.3,1176.2,1160.7,1132.5,1068.2,998.6,906.2,808.1,713.9,652.3,576.7,512.3,463.4,0,0,0,0,0,1401.8,1568.7,1715.1,2071.1,2005.7,2125,2113.1,1748.3,1753.7,2155.4,2471,2855.2,2782,2628.6,2836.4,3060.4,3066.3,3025.3,2854.7,2755.1,2824.5,2923.5,3024.8,3133.8,3033.2,2979.4,2944.3,2735.8,2644.2,2489.5,2344.4,2197,2130.6,1998.9,1858.1,1796.4,0,0,0,0,0,323.4,352.5,456.9,579,629.9,690.9,694.1,572.1,615,574.8,641.7,738.2,745.8,672,704.5,759.9,777.8,780.8,723.7,650.6,599.1,637.2,703.1,859.9,952.7,1042.7,1003.9,932.3,835,709.3,565.7,494.4,439.4,375.1,320.2,285.8
37,North Carolina,10.6,9.2,7.9,8.2,8,8.3,9.2,9.9,10.2,11.3,11.7,11.8,13.5,13,11.7,12.4,11.1,10.6,10.8,10.7,10.6,9.1,9.1,8.1,8.7,8.3,8.1,8.1,7.8,8.9,10.7,11.4,10.6,11.3,10.9,9.4,8.5,8.3,8.1,7.2,7,7.8,7.3,7.7,7.3,9.6,9.1,10.8,11.3,11.3,11.9,12.9,14.8,14.6,16.1,15.5,16.2,15.3,17,18.4,20.3,22.7,22.7,22,21.9,21.6,23.8,26.4,29.1,28.1,29.9,34.3,34.6,35.9,34.3,33,32.2,31.3,31.6,30.6,28.2,27.1,18.1,15,17.7,19,22.7,23,24.3,32.1,37.6,43.1,52.3,55.3,66.2,71.4,92.3,82.2,70.6,61.3,65.9,77.2,82.3,80.8,85.9,79.6,74.8,78.2,87.7,93.9,108.6,133.5,152.1,178,186.8,192.4,181.2,179.2,163.9,172.6,160.8,158,156.5,187,169.5,168.3,176.4,214.2,219.1,251.3,264.8,291.9,281.8,293.2,305.8,329.3,337.4,369.4,325.6,306.4,318.3,318.4,337.9,339.4,324.1,329.5,300,298.5,310.6,353.6,352.9,357.4,374.1,426.4,434.4,447.7,441.3,429.9,425.5,384.5,394.5,379.9,348.7,307,279.4,292.3,310.8,335,399.2,409.3,442.7,516.3,539.7,611,765.8,813.1,812.7,892,1186.9,1285.1,1175.5,1154.1,1184,1296.6,1422.9,1336.7,1309,1189.5,1131.3,1150.8,1225,1356.1,1391.2,1503.5,1530.4,1692.3,1653,1515.8,1472.7,1417.6,1345.6,1346.8,1324.6,1286.9,1216.1,589.6,607.5,626.5,648.7,732.8,779.6,825.2,911.8,962.8,1126.1,1338.9,1362.4,1257.7,1308.2,1647.1,1909.2,2124,2037.8,2083.4,2406.4,2546.4,2548.8,2603.4,2418.1,2330.9,2358.6,2422.7,2586,2718.8,2918.6,3048.3,3238.7,3181.6,3168.8,3195.7,3264.9,3257,3208.5,3092,3012.2,2891.8,86.9,89.8,92.1,106.1,112.8,120,140.9,146.1,153.3,166.5,167.8,166.1,165.2,173.8,188.3,186,178.3,192.1,201.3,223.4,216.1,198.1,184.5,166.5,178.3,191,208.3,223.8,250.4,285.3,283.7,299.3,286.6,288.5,301.9,310.6,335.5,329.2,326.2,334.3,313.9
38,North Dakota,0.5,0.9,1.2,2.1,0.9,0.9,1.8,0.2,1.1,0.2,0.5,1.3,1.3,0.8,1.4,0.8,1.4,0.9,1.2,1.5,1.2,2.3,0.7,2.1,1.2,1,1,1.5,1.8,0.6,0.8,1.1,1.9,1.7,0.2,0.9,2.2,0.9,1.1,1.6,0.6,2.2,5.2,4.2,3.5,7,5.1,4.3,4.7,4.6,4.1,6.2,4.2,4.9,7.3,7.8,5.8,5.6,9,8.9,8.2,9.5,8.7,9.9,12.5,13.1,7.3,11.6,9.4,11.2,11.8,17.8,18.3,23.3,23.5,23.4,22.8,24.1,24.8,33.2,22.4,26.3,6.3,10.6,6.2,9.6,8.7,4.6,6.2,5.8,5.8,7.2,6.5,7.5,8.9,7.3,12.9,14.3,16.2,13.3,15.6,9.9,7.7,12.9,12.7,7.8,7.7,6.4,6.9,7.6,8.1,9.2,7.8,8,7.9,8.3,11.1,10,11,6.4,10.2,8.8,8.7,5.2,8.3,8.3,13.6,18.9,23.6,23.2,18.3,16.2,24.4,21,25.1,30.9,45.3,27.9,32.1,48.7,43.8,41.3,41.7,35.6,43.6,38.5,31.3,31.6,32.3,31.7,38.4,38,41.5,47.4,38,50.3,48.7,47.2,53,46.7,55.1,44.8,34.1,45.8,198,200.9,189.6,190.4,239.7,206.7,221.4,241.2,239,249.3,286.4,339.8,357.1,383.4,433,539.2,478.5,446.1,423,461,488.3,500.6,458.8,436.3,399.1,427,385.1,455.4,437.7,358.9,426.6,372.8,391,373.2,324.5,350.7,309.2,358.8,356.4,368.6,325.9,610.8,597.2,661.4,724,726.7,748.5,862.9,1046.9,1057.8,1105.7,1295,1585.8,1494.1,1502.8,1544.7,1614.3,1804.5,1843,1767.2,2071.1,2242.2,2258.2,1987.2,2056.3,2019.8,2087.2,2049.2,2197.6,2112.7,2025.8,2288.8,2229,2279.6,2216.2,2178.5,2249.8,2085.9,2085.3,2058.6,1794.2,1727.2,68,70.2,83.5,96.4,90.5,76.8,87.2,82.3,80.6,95.1,91,86.7,90.7,131.4,132.3,130.6,159.4,144.7,148.2,162.4,179.2,164.7,140.3,129.1,110.8,118.2,119.9,123.2,118.6,113,133.1,126.8,149.4,148.7,151.1,179.1,190.1,180,176.6,163.4,153.5
39,Ohio,3.2,3.1,3.2,3,3.5,3.6,4.5,5.2,5.3,6.4,6.6,7.5,7.5,7.3,8.9,8.1,7.4,7.8,6.9,8.1,8.1,7.4,6.3,5.6,5.1,5.2,5.5,5.8,5.4,6,6.1,7.2,6.6,6,6,5.4,4.8,4.7,4,3.5,3.7,5.9,5.6,5.2,6.1,7.1,8.9,9.3,10.3,12.4,15.3,16,18.4,19.9,21.4,23.9,25.3,25.8,27.3,27.4,31.8,34.3,31,29.9,31.5,34.7,36.9,38.6,39.9,42.6,44.7,46.8,52.5,52.1,49.1,47.1,43.4,41.3,40.8,40.5,36.7,37.6,40.1,39.6,37.9,40.7,46.2,51.6,70,95,102,126.7,145.9,163.7,160.6,143.5,191.2,220,183.8,190.5,182.6,194.8,223.7,236.9,183.6,159.4,145.6,133.1,142.1,153.1,161.4,170.9,188.5,215.2,199,192.7,187.5,178.7,164.1,158.7,133.5,128,137.5,34.5,32.5,36.6,39.5,57.9,60.7,67.8,74.5,80.7,99.8,115.9,108.7,111.4,119.5,140.2,154.6,171.7,181.1,195.8,222.8,232.2,221.3,217,201.4,199.9,206.4,234.7,222.5,242.7,247.1,264.7,287,268.2,256.3,245.1,255,218.4,231.2,184.5,148.2,155.3,383.9,401.8,396.3,431.5,466.3,470.5,490.7,607.6,659.4,740.1,853.9,932.6,901.3,943,1171.8,1271.4,1203.2,1216,1214.5,1287.2,1466.3,1493.6,1309.6,1155.6,1049.9,976.5,987.8,1062.5,1031.4,1018.2,982.5,1055.2,947.3,878.1,866.3,838.8,835.4,849,810.1,773.1,780.7,956.7,979,950.2,1072.4,1205.2,1160.8,1220.9,1400.2,1540.9,1663.9,1943.5,1938.8,1796.1,1884.3,2285.1,2808.6,2978.2,2696.8,2629.7,2946.2,3040.1,3032.4,2807.5,2607.1,2475.3,2476.4,2574.2,2708.6,2762.6,2811.1,2864.1,2915.6,2721.3,2667.7,2682.3,2669,2784.1,2824.1,2771.1,2558.8,2583.2,134.6,122,136.5,147.9,183.4,189.9,235.5,325.6,380.2,482.1,492.8,496.4,442.6,376.9,402.4,426.4,378.1,400.4,402,438.9,426.7,424.8,381.7,344.6,362.5,352.7,375.7,382.9,399.2,435.3,490.6,500.4,471,435.3,427.1,414.9,407.5,406,383.8,348.2,343.7
40,Oklahoma,7.5,5,5.1,5.2,4.5,4.4,5.5,6.7,6.4,5.8,5.9,6.5,7,6.6,8.1,9.4,6.4,8.6,8.5,9.7,10,9,10.8,7.6,7.8,7.7,8.1,7.5,7.4,6.5,8,7.2,6.5,8.4,6.9,12.2,6.8,6.9,6.1,6.9,5.3,12.8,12.1,7.4,8,10.9,11.1,13.7,13.7,15.2,14.3,15.6,16.6,19,20,25,27.2,27,29.2,31,33,36.3,35.2,37.1,37.8,39.9,37.9,36.4,35.8,37.7,37.5,47,50.9,48.4,49.3,49.6,44.6,46.8,45.7,45.2,40.9,41.2,39.9,34.6,39.7,40.1,42.8,38.6,41.3,39.1,49.3,49.4,54.7,60.3,64.6,68.2,83.5,90.2,70.3,73.8,88.3,102.6,104.9,115.4,132.8,128.7,111.2,106.8,106.5,109.5,105.1,126.2,121.9,128.9,136.2,121.8,128.1,115.6,106.8,103.9,92,82.9,75.8,36.8,51.5,48.9,59.6,88.2,80.5,84.1,88.9,106.7,116.5,126.7,174,148.1,151.4,163.5,176.5,182.8,205,225.2,260,268.4,267.2,263.2,249.3,248.5,269.6,285.4,264.8,284.4,321.3,370.5,396.7,431.6,455.3,466.8,491.8,436.9,403,396.1,377.5,375.5,551.2,533.3,513.2,536,600.1,555.4,611.7,626.5,726.4,724.1,835.4,930.6,993,1163.9,1455.2,1551.8,1317.5,1288.2,1299.8,1474.6,1692.7,1588.8,1603.9,1509.5,1454.8,1612.1,1786.8,1782.8,1643.4,1563.6,1447.5,1478.2,1359.8,1235,1251.2,1271.9,1255.6,1206.4,1143.4,1026.6,917.5,1171.2,1123.4,1164.3,1122,1217,1137.3,1240.2,1348.9,1502.1,1462.7,1659.6,1654.2,1605.5,1745.2,1999,2375,2570.4,2228.1,2125.8,2396,2520.6,2403.5,2685.7,2549.6,2572.6,2824.4,3141.7,3220.3,2954.9,2862,3002,3050.1,2932.1,2943.7,3192.9,3164.3,3317.4,3287.3,2915.8,2787.8,2785.4,195.9,190.4,200,191.9,200.8,192.7,196.7,190.7,215.2,244.7,279.3,282.3,268.4,311.1,361.7,348,306.4,326.8,351.4,427.2,420.2,418.2,488.9,446.7,457.7,566.5,649.2,604.9,556.3,585.5,601.7,556.6,516.8,480.7,474.6,496.4,482.9,441.5,405.3,361.3,357.8
41,Oregon,2.4,2.7,2.9,3,1.8,3.4,2.7,3.1,3.2,4,4.6,3.2,5.5,4.9,5.6,6.2,4.2,4.9,5,4.2,5.1,4.4,5.1,4.1,4.8,4.7,6.6,5.6,5.1,4.8,3.8,4.6,4.7,4.6,4.9,4.1,4,2.9,3.8,2.7,2,9.4,7.7,9.3,8.8,12,11.9,12.6,12.4,17.2,18.3,18,22.2,26.3,29.3,32.3,32.6,35.6,39.9,41.2,44.4,41.5,41.7,39.9,40.5,44.9,50.7,51.1,45.8,40.5,46.6,46.9,53.4,53.1,51.3,43.2,41.7,39.7,40.3,39.8,36.8,37.6,31.8,34.8,38.3,30.3,37.6,46,45.8,65.9,76.5,86.6,102.5,110.4,109.5,99.4,130.8,130.3,132.7,124.1,131.1,130.6,152.4,180.6,167.3,170.3,168.6,185.6,205.9,196,193,151.8,144.3,150.1,151.4,129.6,138.2,137.9,122.2,117.5,105.2,86.2,84.4,26,23.9,27.8,34.1,56,59.3,65.2,76.1,100,113.9,131.7,157.7,156.3,159,198.7,269.4,285,286.9,325,366.2,291.4,251.9,260.6,273,287.8,310.1,286.1,292.2,307.2,315.4,311.8,298.2,301.1,317.6,334.4,338.7,297.2,283.7,271,249.3,226.7,405.7,404.4,443.6,483.2,573.3,636.1,685.1,857.4,945.1,1124.7,1273.4,1340.7,1468.8,1607.7,1843.2,1911.6,1699.7,1636.4,1617.1,1609.9,1748.4,1967,1789.7,1745.8,1823.3,1886.5,1966.7,1782.7,1764.1,1425.4,1135.4,1176,1106.7,1024.8,1100.8,1102.8,988.3,1033.2,927.5,806.7,748.8,1371.2,1388.7,1387.9,1479.9,1646.8,1798.9,1935.5,2176.8,2321.3,2543.9,2825,2944.5,2895.4,2988.5,3665.5,3935.9,3806.8,3506.1,3561.1,3831.5,4087.8,4250.8,4003.8,3714.5,3617.9,3934.7,4162.8,4181.6,4154.4,3677,3545.2,3598.4,3670.6,3656.9,3969.7,4236.7,4014.3,4197.6,3773.3,3409.3,3338.7,130.7,138.9,148.3,171,207.9,202.5,240.2,273.4,270.6,318.5,332.8,361,386.6,408.2,468.7,466.2,394.8,388.9,394.8,386.2,360.3,340.4,301,302.8,296.4,357.6,401.5,465.1,594.4,540.1,458.6,474.4,533.5,580.7,705.2,702,531,594.5,526,411.1,407.2
42,Pennsylvania,2.6,2.6,2.7,2.3,3.4,3.6,3.3,3.9,4.1,4.1,5.4,6.2,6,6.3,6.7,6.8,6.1,5.6,6.2,6.2,6.8,6.1,5.7,4.9,4.5,4.6,5.5,5.4,5.5,6.3,6.7,6.3,6.2,6.8,5.9,6.3,5.7,5.9,5.3,4.9,4.9,8.8,7.3,8.3,8.1,9.3,10.3,10.9,9.9,10.3,12.1,11.9,13.9,16,15.8,17.8,17.4,18.1,19,18.7,21.6,23,22.4,20.6,20.6,23.2,24.3,25.1,26.2,24.9,24.6,25.8,28.7,27.7,26.5,26.1,25.2,25.2,27.4,26.9,27.3,26.4,33.9,35.7,39.9,41.8,44.6,52.7,50.2,57.9,85.2,90.6,108.6,141.9,149.3,138.6,159.5,168.6,138,130.3,136.7,152.2,177.9,186.6,175.4,172.3,148.4,147,152.1,144.4,138.1,149.7,176.2,193.9,180.7,179,186.7,189.3,189,156.3,164.9,155.7,147.8,53.6,52.2,53.3,58.7,66.4,75.7,66.6,66.9,77.3,87.1,94.2,106.7,105.8,111.5,131,136.5,132.8,128,139.5,153.6,156.1,156.6,158.7,145,144.5,155,175.8,193.3,193.5,198,222.3,221.1,212.4,205.1,208,206.5,260.5,252.6,223.5,232.5,240.9,297.8,317.3,327.9,350.9,386,417.3,423.7,487.7,556.3,577.7,599.7,742.3,749.1,773.6,927.8,983.3,906,877.5,899.9,934.9,1038.5,1031.5,900.7,810.6,743.8,737.5,734.8,722,696.7,713.7,729.1,719.6,631.5,582,551.5,561.8,591.9,567.5,531.4,467.2,440.4,530.3,512.1,565.7,612,671.8,707.3,728.7,803.9,923.9,941.4,1020.7,1189,1046,1090.7,1435,1670,1790.8,1624.1,1643,1837.6,1915.5,1910.8,1859.4,1726.8,1655.3,1640.7,1654.1,1722.7,1690.9,1798.7,1810.5,1907.4,1866.5,1831.7,1844.3,1963.1,2079.9,2054,1965.4,1898.9,1839.2,122.4,120.1,136.3,159.4,186.7,221.4,209.9,236.3,280,304.8,345.2,368.2,338.5,365.3,375.7,367,348.2,333.2,340.7,389.4,418.3,369.2,332.2,315.2,339.8,328.2,354.4,349.2,426.8,469.4,505.5,481.5,467.7,440.2,449.3,412.7,404.2,367.8,355.5,327.1,295.8
44,Rhode Island,1,1,0.8,1.4,1.2,2.1,1.4,2.2,2.4,3.1,3.2,3,1.3,3.4,3.8,3,2.4,3.6,4,3.2,4.4,4.2,3.7,2.7,3.4,3.6,3.5,3.5,4.1,4.9,4.8,3.7,3.6,3.9,4.1,3.3,2.5,2.5,2.4,3.6,4.3,2.3,1.7,2.1,2.3,2.7,3.8,5,4.8,3.7,4,3.6,5.6,8.3,8.3,7.4,10.9,8.5,10.5,11,15.2,17.1,17.9,19.4,16.8,21.3,26.1,21.4,24.4,30.5,26.7,24.7,30.9,30.9,28.6,27.4,27,29,36.8,35.5,39.5,39.3,14.2,13.3,12.5,17.3,17.7,19,25.4,31.4,49.3,73.4,78.3,84.9,81.7,97,91,95.9,91,86.5,98.2,109.7,118.6,132,114.7,112.9,113.4,115.9,118.7,107.7,115.2,112.4,122,122.9,94.5,101.1,87.3,92.3,83.2,71.6,66.7,79.5,88,19.2,26.9,31.1,35.6,41.6,53.6,62.7,90,81.9,94.5,119.6,128.2,159.1,173.8,180.7,192.4,197.8,201,235,247,268.3,287.6,264,222.8,196.6,200.9,191.9,224,246.9,234,280.4,304.5,265.5,268.1,256.8,245.4,232.4,222.6,207.5,164,166.2,510.5,454.1,462.7,538.4,643.3,596.3,707.6,896.9,1089.6,982.4,1018.9,1097.4,1124,1189.1,1296.1,1446.3,1414.2,1489.5,1392.6,1550.1,1716.3,1654.9,1400.2,1332.1,1184.6,1232.3,1293.9,1441,1261.3,1206.9,1271.1,1127.5,1047.7,1040.9,912.8,932.7,821.7,717.6,653,639.9,631.5,1216.4,1128.1,1131.6,1139.1,1329.9,1255.9,1262.7,1502.1,1893.1,2148.2,2186.2,2511.6,2282.4,2312.3,2612,2878.4,3050.6,2844.1,2714.3,3051.3,2964.3,2891.3,2826.4,2666.3,2562.8,2491.6,2568.3,2701.3,2718.5,2715.8,2695.3,2655.8,2393.2,2410.1,2310.8,2503,2360.3,2178.2,2165.1,2248.6,2102.2,308.7,251.1,267.3,271,322.1,319.9,514,608.9,765.5,823.2,859,979.4,896.2,894.3,923.1,1016.8,885.5,791.4,807.2,793,843.6,863.9,735.7,651.8,691.9,652.9,704.7,783.5,827.9,924.1,954.4,794.1,742.6,646.3,519.9,440.8,464.3,425,387.6,406.9,445
45,South Carolina,13.2,11.6,10.1,10,8.1,9.6,11.6,11.2,13.6,12.5,14.6,16.6,16.8,14.4,16.2,14.7,11.6,11.9,11.5,12.6,11.4,10.4,10.9,9.8,9.2,9.1,8.6,9.3,9.3,9.1,11.2,11.3,10.4,10.3,9.6,7.9,9,8.4,8,6.6,5.8,9.9,9.3,7.1,6,10.6,11.2,13.6,14.6,15,14,18,18.2,22.5,22.5,26.2,26.5,31.9,33,35.4,34.3,37.5,36.3,38.8,35,40.3,41.4,41.3,43.7,42.7,46.5,53.7,58.9,57.5,52.3,54.3,47.3,49.2,48.9,45.7,40.8,37.7,20.1,20.8,19.2,21.6,25.8,21.5,28.8,35,42.8,50,60.1,62.4,66.1,79.2,127.4,110.9,105.7,105.9,101.3,107.6,118.1,120.2,122.4,104.9,103.3,93.9,99.5,101.1,124.7,130.2,152.4,171.1,170.6,187.3,186.1,175.9,172,176.2,154.9,148.2,146.6,100.6,96.1,87.2,126.5,121.5,134.9,172,170.7,146,163,193.4,214.5,281.6,278.6,285.9,359.3,450,485.3,489.4,523.8,493,473.5,547.9,467,471.7,486.7,525.2,510.8,564.4,627.8,759.3,731.2,706,773.4,780.4,750.8,766.7,756.9,694.6,651.4,614.8,423.1,478.8,504.9,575.4,621.3,526.1,536.2,638.8,708.5,806.5,1019.4,1030.7,1116.7,1194.3,1562.4,1714.2,1553.6,1613.6,1498.6,1506.1,1670,1595.7,1490.9,1294.8,1231.7,1253.5,1340.3,1358,1416.2,1392.8,1380.4,1454.9,1378.5,1309.2,1274,1254.6,1283.8,1232,1162.7,1019.8,969.3,824.1,851.8,931.7,957.8,1095.2,1001.2,1060.2,1058.4,1065.9,1266.7,1495.5,1576.5,1538.6,1492.1,1864.7,2156.3,2503.2,2342.4,2483.6,2585.5,2803.2,2807.5,2872.6,2619.5,2568.3,2696.7,2845.8,2858.2,2950.3,3070.8,3302.4,3364.7,3224.7,3226.8,3336.6,3441.8,3505,3492.7,3295.4,3085.7,3068.1,109.2,117.5,116.6,133.2,170,154.5,160.2,162.3,183.8,238.4,257.1,219.6,222.4,246,282.4,259.6,250.9,245.1,276.1,296.2,306,275.4,277.7,239.8,238.5,259.2,276.6,280.8,304.7,342.1,385.8,387.1,345.4,344,359.8,385.4,428.5,419,415.7,371.7,379
46,South Dakota,2.1,1.7,3.3,1.2,1.3,1.6,1.5,3.7,3.8,2,3.8,1.2,1.2,3.8,2.1,3.7,1.7,2,1.9,2,0.7,1.8,2.7,2.1,1.8,1.8,4,1.8,3.1,1.3,2,1.7,0.6,3.4,1.4,1.8,1.2,1.4,1.4,2.5,0.9,5.4,6.1,5.8,5.3,5.5,6.8,8.9,8.3,10.2,11.1,11.1,9.9,11.3,12.8,10.7,16.5,15.3,13.5,10.9,16.4,12.5,11.5,11.4,17,26.9,23.7,17.7,20.6,26.9,32,34.3,39.7,51.8,44.5,42,41,41,48.4,35,45.8,40.4,9.1,8.8,8.6,10.6,8.3,9.2,10,12.9,19.3,12.9,17.1,18.2,15.6,24.7,20.4,31,23.2,17.9,15.9,20.3,20.1,17.8,17.1,15.9,14.9,17.1,16.2,12.3,12.2,11.7,12.4,18.8,16.9,15,18.7,25.9,18.9,23.3,20.2,14.1,17.4,24.8,18.8,20.9,20.6,42.1,41.4,62.9,62,52.4,51.4,60.5,66.9,83.2,85.5,147.8,154,145.9,155.7,134.8,120.3,93.6,73.7,67.7,85,103.8,93.9,86.9,85,71.6,90.5,114.1,122,125.3,145.6,165.5,138.8,116.1,124.4,97.8,105,108.1,247.9,239.9,255.6,246.7,261.5,264.3,318.9,341.5,430.1,425,471.3,453.3,472.8,498.7,597.1,667.8,620.4,570.5,599.7,626.4,692.5,634.7,562.2,545.7,499.9,546.2,553.5,534.1,517.9,474.7,527.4,589.8,541.4,549.2,546.2,540.7,557,553.9,468.6,444.1,383.7,788.1,771.4,715.7,740.6,816.4,878.7,1021.1,1044.1,1133.8,1223.5,1396.2,1426.6,1436.1,1406,1735.3,1698,1684.3,1704.4,1766.1,2000.3,2255.2,2129.5,1865.3,1779,1855.8,1856.2,1939,1928.5,1853.8,1966,2108.9,2192.3,2161.9,2086,2207.5,2191.5,2121.9,2377.4,1897.8,1915.8,1663.7,86.6,91.9,93.9,91.7,84.3,73.7,90.6,84.1,103.5,105.9,93.7,83.3,107.4,144.2,157.5,167.9,149.6,147.5,160,174,168.6,144.1,118.4,102.9,109.3,101.8,98.7,95.6,95.5,109,110.2,114.9,101.1,114.5,120.9,120.9,113.9,116.3,103.4,117.5,105.7
47,Tennessee,8.5,8,6.1,6.5,5.9,8,7.8,8.9,8.7,9.6,8.8,12.4,11.3,13.2,13.4,11.4,11,10.1,9.4,9.8,10.8,9.7,9.7,8.8,8.4,9,10.4,9.1,9.4,8.4,10.5,11,10.4,10.2,9.3,10.6,9.5,9.5,8.5,7.1,7.2,5.4,6.7,6.6,6.7,8.8,11.1,10.8,12.5,11.6,12.7,15.5,18.1,19.9,26.9,25.7,26.1,25.4,29.7,30.6,34.5,37.4,37.6,35.5,35.9,40,42.6,47,43.9,44.7,46,49.5,46.4,47.3,49.9,49.2,47.1,46.5,56.9,45.8,44,38.4,26.9,30.4,34.8,28.4,30.2,28.6,34.4,56.5,71.2,75.2,82,86.5,101.1,130.5,157.2,166.8,147.5,145.8,152.4,166.1,180.6,171.7,175.7,172.8,166.8,180.9,207.7,193.8,173.6,160.4,191.2,212.9,218.2,220.1,207.4,223.2,223.7,214,178,156.8,166.4,50.3,63,56.1,60.7,73.6,91.1,105.2,130.5,129,134.3,168.6,196.8,186.7,187.5,190.4,192.6,209.4,203.9,190.2,203.6,229.4,193.5,200.2,184.6,230.3,242,274.5,286.6,305.1,334.1,419.2,455.6,470.3,485.5,482,490.5,494.3,509.2,482.8,487,495.2,462.7,462,461.5,515.9,561.4,522.9,602.5,711.8,719.7,715,806.7,901.4,894.3,1009.8,1350.1,1379.3,1320.5,1492.3,1213.6,1294.7,1501.5,1384.2,1288.6,1205.9,1123.6,1166.8,1325.2,1351.8,1237.9,1206.9,1264,1365,1267.2,1182.6,1141.6,1143.2,1163.5,1171.7,1075.9,936.6,990.4,565.2,559.7,661.8,690.4,715.8,684.7,863.1,944.2,967.1,975.8,1024.7,1094.5,1132.2,1362.2,1575.6,2129.5,2218.6,1776.5,1766.1,1937.2,2175.2,2180.6,2371.9,2087.2,1954.1,2040.3,2125.8,2213.4,2156,2224.9,2545.1,2662.1,2546.5,2700.2,2670,2799.5,2864.8,2921.8,2726.1,2601.8,2708.8,121.5,139.2,158.1,165.7,175.8,166.7,193.1,243.1,267.4,281.6,289.3,303.5,300.9,330.1,346.7,364.7,325.9,314,328.1,367.4,363.1,334.1,332,316.5,366.4,485.2,543.6,566.9,542.8,532.9,571.5,613.6,575.9,591,560.3,648.5,647.1,628.6,517.4,460.5,483.9
48,Texas,8.6,8.1,7.2,7.4,7.6,7.5,9.1,9.9,10.6,11.3,11.6,12.1,12.4,12.8,13.7,13.4,12.2,13.3,14.2,16.7,16.9,16.6,16.1,14.2,13.1,13,13.5,11.7,12.1,11.9,14.1,15.3,12.7,11.9,11,9,7.7,6.8,6.8,6.1,5.9,9.3,9.5,9.3,9.8,11.3,10.7,11.5,13.1,14.5,19.2,20.8,23.6,23.5,25.2,28.9,28,29.4,33.8,37.9,45.1,47.3,46.2,44.6,40.3,45.9,51.1,51.6,48.1,48.4,46.8,51.5,53.4,53.4,55,49.5,45.7,43.8,41.2,40,38,37.7,31.6,31.1,31.6,35.8,43.1,42.7,55.7,69.5,82.9,116.6,136.5,124.1,120.3,144.6,164,164.1,139,152.4,164.4,191.8,208.5,193.3,220,189.3,178.5,193.5,239.9,226.7,234.2,223.1,260.8,286.5,252.5,224.4,204.8,179.8,171.5,157,145.1,146.7,145.1,111.5,109.1,105.3,116.7,128.2,138.3,150.4,153.6,162.3,180.9,196.4,216.3,198.2,202.8,183.5,185.2,175.3,208.2,218.8,254.3,277.6,276.3,296.3,268.4,267.4,292.3,353.9,344.8,357.9,376.6,435.1,484.9,487.7,470.8,441.1,429.3,421.4,397.5,372.6,369.5,356.3,601.2,580.4,573.5,609,655.7,678.9,768.7,822.4,939.6,1091.9,1159.9,1183.7,1215.7,1275.8,1543,1665.6,1547.8,1603.1,1611.9,1791.2,1853.2,1870.4,1871.5,1667.5,1664.1,1770.5,2048.6,2118,2157.2,2014.9,1851.5,1802.4,1523.2,1297.3,1168.2,1082.3,1068.5,1034.3,986.3,949.7,906.3,1288.3,1233.2,1253,1292.8,1459.4,1514.2,1646.1,1796.6,1957.1,2160.8,2242.7,2161,2005.7,2107.3,2471.8,2963.7,3209.5,2988.7,3065.3,3081.9,3181.4,3082.9,3283.6,3202.6,3311.8,3640.3,3986.5,4238.5,4407.9,4365,4304.7,4232.3,3906.8,3687.3,3395.1,3377.8,3447.4,3320.4,3071.7,3062.6,3057.4,166.8,156.8,167.9,171.9,202.2,191.4,231,264.5,311.4,386.6,405.4,379.4,338.6,357,382.1,387.2,351.3,397.6,444.3,544.2,558.1,564.6,570.1,524.9,549.1,608,714.1,734.8,800.1,888.5,909,944.3,821.7,692.3,602.6,560.4,548.6,523.3,489.1,459.2,446.8
49,Utah,1,1.7,2.3,2.4,1.5,1.5,2,2.7,2.9,2.5,3.4,2.7,2.9,3.2,3.2,2.7,4.5,3.5,3.7,4.8,3.8,3.3,3.4,3.5,2.8,3,3.2,3.3,2.8,2.6,3,2.9,3,3.1,2.9,3.9,3.2,2.4,2.1,2.1,1.9,6.8,6.8,7.9,7.8,10.1,8.9,10.2,7.2,11.1,14.1,10.9,14.6,18.3,22.9,22.3,20.9,20.9,20.3,22.9,27.9,27.7,28.4,23.7,24.9,20.3,23.2,25.3,21.7,23.6,28.6,37.8,45.6,45.4,44.6,42.2,42.7,41.8,47.5,38.4,37.8,38.6,20.8,20.3,22.4,22.9,26.5,23.1,36.5,38.5,33.7,49,53.1,60.5,62.3,62.6,75.8,79,69.4,68.8,66.5,77.7,80.2,84.8,86.5,64.3,58,55.2,58.6,52.8,54.1,52.6,56.9,55.1,55.9,58.6,63.6,67.1,68.9,68.4,55.1,54.4,55.6,25.7,20.4,24.7,27.7,51.4,56,65.2,68.2,68.5,74.2,70.3,75.8,99.7,119.8,113.4,129.2,125.8,147.3,178.7,193.8,191.7,182.1,172.1,163.3,163.1,186,179.6,152,162.6,174.9,186.3,183.1,186.2,194.7,195.8,215.1,218.1,215.8,183.9,181.3,159.5,410.4,388.4,431.2,500.1,527.5,606.9,689.7,685.5,741.3,848.5,915,914.7,913.2,989.3,1132.9,1187.8,1137.9,1171.6,1187.1,1178.9,1321.9,1274.8,1106.9,1015.8,858.1,942.9,914.9,950.9,881,897,880.6,840.2,885,790.8,790.8,800.8,848.3,890.5,694.9,685.1,642.5,1917.9,1482,1634.3,1645.7,1704.2,2008.8,2262.5,2217,2469.2,2742,2832.7,3089.1,2832.2,2748.1,3272.9,3372.6,3302,3004.6,3186.1,3673.4,3931.8,3882.3,3689.9,3610.4,3437.2,3870.4,4073.6,4228.5,4238.7,4288.8,4257.6,4239.6,4245.1,3903.4,3907.4,4572.1,4377.1,4326.9,3721.7,3669.3,3288.5,158.8,177.5,210,185.8,202.6,208.5,264.2,225.3,255.2,297.7,316.3,328.3,277.7,301.2,329.8,320.5,317.3,334.5,333.9,335.6,323.6,294.3,251.5,235.7,226.7,236.7,223.2,209.5,215.7,237.6,237.7,241,237.9,242.2,298.2,389.1,428.6,444.1,351.5,346.6,289.3
50,Vermont,0.3,1.5,0.3,0.5,0.5,0.5,1.5,3.1,2.6,2.5,1.3,1.1,1.7,2.2,3.4,2.1,5.5,1.4,3.3,1.4,2.2,4.3,2.3,3.6,2.3,3.4,2,2.7,2,1.9,2.3,2.1,2.1,3.6,1,2.2,1.9,1.5,2.2,2.9,1.5,2.3,9.1,6.2,8.5,5.9,6.5,6.9,4.3,7.3,9.1,10.3,11.4,10.8,11.2,12.3,14.6,14.9,15.9,14.6,22.9,29.1,33,34.9,40.8,19.8,19.3,21.8,22.4,23,23.1,25.9,30.5,24.9,39.8,27.6,28.2,27,26.5,27.6,22.9,23,2.3,4.1,4.6,6.9,3.2,4.5,4,1.9,6.2,9.3,7.6,9.8,10.6,8.8,13.8,15.7,17.9,30.8,14.4,28.6,38.9,27.6,23.1,27.8,23,20.9,22.2,16.8,16,18,11.7,11.8,8.9,9,12.2,10.9,15.4,13.4,9.5,10.9,19.2,4.6,5.3,3.6,7.7,12.2,10.8,7.4,11.3,21.1,32.3,54.6,50.4,73.2,48.3,45.5,62.6,80,101.2,134.1,131.2,108.5,63.1,66.7,60.4,100,104.1,103.1,94.5,101.3,89.8,87.2,72.3,73.5,61.8,56,76.9,76.9,78.3,67,77.1,69.8,242.1,335.2,374.6,413.8,260.1,323.9,427.9,517,496,599.5,730.6,726,738.3,801.5,1019.4,1100,1022.7,1348.2,1261.2,1577.9,1526.7,1559.8,1178.3,1090.3,1016.4,973.8,949.2,1110.4,1096.8,1029.1,1087.3,1020.1,825.6,874.3,736.9,760.9,673,613.1,671.1,595.5,575,486.8,377,546.9,555.6,481.2,536,552.6,559.2,593.6,805.5,968.7,1142.6,1255.8,1489.9,1606.6,2112.1,1853.2,2201,2164.9,3200,2988.1,3079.6,3131.8,2723,2651.7,2602.6,2697.4,2825.7,2804.1,2727.7,2918.5,2673.9,2369.6,2851.2,2267.9,2418.8,2058.4,1959.6,2213.9,1954.5,2165.5,86.9,84.6,89.7,118.2,99.3,98,116.8,124.9,85.8,113,123.9,139.1,114.1,136.2,173.6,173.9,198.1,265.2,214.2,337.1,294.9,293.4,254.8,186.9,154.7,163.9,181.1,198.5,197.3,198.9,207.9,144.4,105.3,132.6,148.6,135.7,150.3,135.8,147.9,153.5,132.9
51,Virginia,12.3,8.6,8.7,7.1,8.4,8.2,8.1,9.1,10.3,7.3,10.4,10.1,11.8,10.5,10.6,11.5,9.5,9,8.8,8.6,8.6,8.6,7.4,7,7.7,7.1,7.1,7.4,7.8,7.9,8.8,9.3,8.8,8.3,8.7,7.6,7.5,7.2,6.2,5.7,5.7,8,10.2,8.2,9.6,11.6,12,12,13.2,15.6,16.4,17.1,21.3,21.7,22.9,25.9,24,22.2,23.3,22.7,27.1,27.4,27.2,24.9,24.7,26.7,27.2,26.5,26,27.1,26.9,31,29.9,31.5,32.1,28.5,27.2,26.7,27,26.7,25,22.8,26.3,26.2,25.6,29.3,34.7,39.9,44.5,52.8,65.8,81,95.5,106.8,113.5,104.8,127.4,138.5,108.2,92.1,97.1,111.6,120.1,133.2,122.2,110.5,102.3,100.2,105.7,105.8,112.5,106.5,123.3,137.6,137.8,142,132.8,131.7,122.6,124.5,105.6,101.1,88.9,137.1,141.1,142.4,144.8,186.6,167.5,166.2,152.5,187.2,161.6,179.1,188.2,199,194.5,193,206.9,167.9,165.7,157.8,153.7,151.1,152.7,154.6,150.4,158.9,160.1,166.7,155.8,151.8,171.3,187.6,196.4,196.8,189.8,187.6,194.9,184.5,186.5,187.2,182.8,164.3,393.1,423.8,431.7,451.1,538,548.7,620.5,721.1,786.4,760.2,914.6,920.2,896.9,937.6,1140.9,1165.7,1019.1,986.2,990.8,1082.6,1202.6,1167.5,973.5,919.9,841.7,785.1,812.5,806.9,818.4,756.9,731.1,783.1,709.1,667.7,638.8,595.2,588.1,571.4,560.9,471.6,429.9,949.3,1025.5,1018.7,1093,1249.7,1250.9,1272.2,1428.7,1559.9,1690.1,2134.9,2076.5,1862.1,2004.3,2409.4,2730.7,2650.2,2521.2,2566.8,2730.9,2882.3,2979.7,2789.1,2571.4,2462.9,2502.6,2521.8,2603.2,2757.6,2831.2,3031.4,3112.5,2909,2790.1,2772,2740,2760.1,2679,2503.5,2326.4,2064.8,126.7,134.7,128.4,134,158.2,172.1,205.3,241.2,262.3,291.4,313.9,310.5,281.4,283,280.8,269.2,226.1,226.7,229,246.8,227.9,201.9,184.1,177.7,183.4,196.7,219.5,254.4,301.6,310.9,327.5,338.6,305.6,285.5,279.1,292.6,278.8,280.5,270.3,261.2,251.6
53,Washington,2.1,2.2,2.5,2.5,2.4,2.2,2.5,3.1,3.6,3.6,3.5,3.8,4.2,4,5.1,5.7,4.3,4.3,4.6,4.8,5.5,5.1,4.4,4.9,4.6,5.2,5,5.6,5.7,4.4,4.9,4.2,5,5.2,5.5,5.1,4.6,4.3,3.9,3,3.3,5.8,6.2,6.3,6.4,7.7,10.2,11.6,12.5,17.1,19.4,18,17.7,21.8,26.2,29,32.7,34.3,39.6,41.2,46.4,52.7,50.2,45.9,44.7,50,54.9,53.4,52.2,56.5,61.7,64,70.3,72,64.4,60.5,59.2,51.1,51.4,48.2,47.1,46.4,31.1,31.1,30.3,30,28.5,30.3,36.7,54.6,98.4,113,93.5,93.3,87.6,96.3,115.5,124,119.5,106.2,125,120.7,135.1,130,117.9,105.4,120.6,132,135.1,141.4,145.9,140.1,130,145.5,139.8,137.1,139.7,132.7,119,120,115.6,100.9,98.6,17.6,18.7,24.6,27.8,54,60.4,72.4,83.7,93.7,106.3,106.3,121.6,137,145,196.6,228.4,230.5,224.8,234.4,262.8,271,262,238.3,216.7,231.1,233.3,243.5,240.2,258.3,265.5,302.7,302.5,317.8,307.9,305.6,287.3,256.4,265,260.8,226.3,221.3,487.5,471.9,488.9,529,600.3,611.1,669.7,837.7,1019.5,1296.5,1444.5,1392.8,1381.4,1540.4,1772.5,1723.1,1642.4,1605.6,1766.6,1783.6,1862.2,1892.1,1680.1,1640.1,1702,1811.3,1861.5,1904.5,1855.6,1545.1,1262.9,1235.5,1121.7,1067.2,1044.2,1091.2,1057.5,1106.3,1062.5,949.5,907.3,1530.1,1531.7,1603.9,1622.6,1843.5,1815.7,2065.9,2463.5,2435.6,2716.4,2853.5,2912.4,2739.9,2902.4,3484.8,3641.6,3414.3,3386.9,3548.8,3876.8,4192.9,4083.4,3914.9,3812.9,3745.8,4003.2,4266.6,4277.9,4358.1,4119.3,4011.4,4101.5,4045.1,3914.4,3971.5,4140.3,3898.5,3811.5,3757.7,3341.5,3234.6,158,169.6,177.3,177.9,192.7,191.5,240.4,281.5,297.1,380.7,361.8,344.3,331.3,375.7,405.5,385.4,348.7,360.3,394.9,434.5,395.6,319.2,280.8,253,247.4,288.9,314.5,395.2,432.9,457.6,447.1,444.5,471.5,456.1,500.5,554,522.2,567.8,618.7,587.3,594.1
54,West Virginia,4.4,4.4,3.7,5.3,3.7,4,4.2,4.6,5.5,5.6,6.2,6.4,6.1,5.7,6,7.4,6.7,6,6.8,6.8,7.1,6,5.2,4.9,4.4,3.8,5.9,4.8,4.9,6.5,5.7,6.2,6.3,6.9,5.4,4.9,3.8,4.1,4.3,4.4,2.5,4.2,4.4,4.2,4.2,5,4.2,5.1,4.7,4.4,5.1,6.7,5,8.2,9.3,10,9.3,10.3,13.2,14.7,15.5,15.8,14.8,15.5,13.4,15.6,18.5,18.9,22.6,18.7,18.7,23.6,23,21.7,20.1,20.3,21.2,19.6,19.5,18.7,18.6,18.3,12.8,11.7,15.4,14.6,16.9,14.4,19.1,19.3,25.5,19.1,27.3,35.4,31.6,27.9,35.2,45.5,38,42.2,46.3,43.9,48.5,50.2,49.8,44.2,38.1,37.6,41,31.2,34.2,42.7,37.9,43.3,43.5,43,42.4,42.7,40.4,43.1,37.3,36.6,41.4,43.2,42.6,41.3,42.5,50.1,55.4,61.5,68.4,73.2,67.3,83.5,85.1,83.2,80.8,86.1,99.5,96.6,90.9,99.9,101.8,112.2,103.7,104.3,109.3,110,106.1,98.6,78.7,73.6,78.8,102.1,118.5,140,138.5,147.6,141.4,146.3,151.9,188.3,291,254.2,234.2,237.6,216.4,226.3,268.1,253.9,259.3,298.4,349.8,322.7,388.5,387.7,413,415.8,551.8,591,573.1,597.4,648.3,636.8,738.5,775.1,717.9,684.7,648,618.4,625.3,603.6,610.9,626.5,657.1,666.8,622.9,599.1,585.8,565,546.5,586.3,613.5,570.2,546.9,352.5,293.3,394.6,402.9,410.4,418.2,509.8,542,614.7,599.6,773.8,770.9,784.7,824.9,953.3,1228.7,1459,1341.7,1278.3,1318.2,1429.8,1480.5,1435.4,1380.9,1347.1,1301.2,1357.7,1288.1,1334.8,1432.8,1522.7,1630.7,1611.5,1563.5,1547.1,1516.6,1549.8,1483.1,1497.9,1591.6,1556.1,69.4,68.3,71.3,74,78.5,69.4,77.5,87.4,92,85.4,92.4,110.8,109.7,107.1,126.9,126.4,135.9,163.3,175.8,202.3,199.7,188.4,183.1,181.6,172.5,167.3,169.2,161.7,161.7,156.8,153.9,174.9,163.8,161.5,179.7,166.3,176.9,181,187.2,208.2,183.3
55,Wisconsin,1.3,1.6,0.9,1.7,1.5,1.5,1.9,1.9,2.2,2.1,2,2.8,2.8,2.6,3,3.3,3,2.8,2.5,3.4,2.9,3.4,3.1,2.8,2.5,2.8,3.1,3.5,3,3.6,4.6,4.8,4.4,4.4,4.5,4.3,4,4,3.6,3.4,3.2,2.8,2.5,2.4,2.8,3,3.6,3.6,4.6,6.2,7.2,6.7,7.6,8.3,10.8,11.3,10.6,11.8,12.9,14.5,16.1,14.9,15.7,14.3,18.1,16.6,18.3,20.1,19.8,19.9,20.4,20.7,25.4,26.3,25.2,23.5,23.3,21,20.3,19.9,20.1,21.7,8.3,9,8.5,9.7,11,11.5,12.9,28,33.1,28.3,33.1,31.5,36.7,48.7,66.3,73.4,59.3,52.2,49.9,60.5,70.7,68.6,71.2,71.9,66.4,70.2,72.8,66.4,67.1,75.2,112.7,119,119.8,113.4,112.9,105.1,96.6,100.9,85.6,84.7,84.6,19.6,18.5,16.9,18.1,27.4,29.5,29.2,35.9,39.2,43.1,44,46.4,48.6,53.3,59.9,64.5,63.5,63.7,65.2,86.1,94.1,100.2,101.9,98.1,111.1,115.6,161.9,160.2,124.5,123.4,126.7,127.7,125.3,121.4,129.7,148.4,131.1,145.5,139.9,137.6,127.3,198.6,224.3,214,236,285.5,286.5,344.8,450.3,503.8,498.5,538.5,629.4,638.5,710.6,836.9,918.5,843.8,846.9,846.3,949.3,1079.4,1072.2,977.2,883.6,834.1,795.5,782.9,842.6,729.2,733.2,751.4,751.6,691.9,663,645.9,613.2,588.3,570.7,569.3,488.2,469.5,810.6,850.2,831.9,958.4,1114.1,1102.8,1315.5,1496.8,1597.7,1685.1,1860.1,2051.8,1983.2,2122,2417.8,2665.4,2696.4,2614.2,2672.3,3005.9,3291.4,3289.6,3088.7,2976.9,2906.5,2792.6,2802.2,2830.4,2759.3,2877.3,2962.6,3000.9,2919.9,2762,2667.4,2627.8,2634.5,2533.9,2452.8,2299.1,2229.9,104.4,85.8,103.6,120.3,142.9,153.5,191.6,214.6,204.1,223.9,217.6,240.6,232.7,228.9,246.1,239.9,222.8,220.7,229.5,266.7,245.2,217.2,182.7,204.3,235.1,221.6,253.8,246.5,269.2,331.7,416.5,436.4,431.5,364.7,360.5,363.6,345.9,302.5,272,263.2,272.9
56,Wyoming,4.8,3.3,3.3,3.6,5.5,2.9,4.9,4.8,6.3,10.3,5.7,5.3,4.1,6.8,5,10.2,6.9,5.4,7.1,9.1,6.2,5.5,9.2,5.8,3.3,4.3,5.3,2,2.5,4.4,4.9,3.3,3.6,3.4,3.4,2.1,3.3,3.5,4.8,2.5,2.4,7,3.6,7.7,6.2,10.2,11.5,12.2,7.3,8.9,11.6,12.3,13.8,13.9,15.6,15.3,17.1,24.9,21.9,23.6,27.6,28.6,35.4,27.1,21.4,20.9,22.4,21.9,31.4,24,28.2,29.5,25.9,35,34.3,33.6,34.4,29.1,28.5,27.7,33.3,32.4,53.3,35.8,14,21.4,13.4,17.9,21,13.7,12.4,15.9,22,20,33.9,32.9,42.6,49.5,29.2,39.7,48.1,42.2,44.4,41.9,34.3,29.8,23.1,20,22.5,20,15.1,17.1,15.9,17.2,18,17.2,16.6,17.9,20.4,17.7,16.2,14.6,14.2,44.5,42.6,17.8,32,53.9,43.2,45,67.6,60.6,51.6,73.1,117.4,96.2,160.9,81.6,127.5,157.2,173.9,201.7,272,313.5,347.4,233.7,180.2,194.7,210,243.4,229.6,272.4,208.6,251.1,263.9,262.9,231.3,218.9,199.8,196.9,205.4,199,223.8,217.5,299.9,362.7,284.4,345.1,379.3,363.2,383.9,506,545.1,565,645.9,586.2,596.2,699.7,827.3,863.4,764.6,811.6,836.1,863.8,903.7,961,882.9,705.4,641.7,690.6,817.4,717.6,658.8,631.8,631,692.2,671,643.2,650.6,612.1,662,624.6,560.5,432.9,420.8,1399.7,1404.4,1144.4,1322.6,1330,1397.6,1597.9,1637.8,1779.7,1870,2048.6,1892.1,2084.1,2282.7,2464.1,2810.7,2750.3,2772.2,3035.6,3246,3344.9,3449.6,3367.1,2905.1,2645.4,2894.3,3078.1,2892,2851.8,2861.7,3129.3,3232,3434.1,3078.7,3204.6,3286.3,3203.3,3166.3,2860.5,2566.3,2494.6,114.8,113.9,135.9,136.8,119.2,136.2,150.8,174.9,136.8,177.2,164.6,181.8,203.8,214.4,214.5,277.5,242.1,282,342.5,363.3,345.2,291.3,249.8,166.1,153.6,173.5,168.6,138.6,142.5,137.3,149,154.6,150.4,154.9,162,167.7,139.1,134.8,139.1,119.4,116
